edition_uuid,card_name,card_slug,edition_slug,set_prefix,set_name,collector_number,rarity,configuration,image,index_url
jujhz4fyy9,Idle Thoughts,idle-thoughts,idle-thoughts-ambsd,AMBSD,Mortal Ambition Starter Decks,028,1,default,/cards/images/jujhz4fyy9.jpg,https://index.gatcg.com/cards/idle-thoughts-ambsd
wvB73Brx15,"Triskit, Guidance Angel",triskit-guidance-angel,triskit-guidance-angel-doa1e,DOA 1st,Dawn of Ashes First Edition,264,4,default,/cards/images/wvB73Brx15.jpg,https://index.gatcg.com/cards/triskit-guidance-angel-doa1e
oJxHM7bFVy,Anger the Skies,anger-the-skies,anger-the-skies-doap,DOAp,Dawn of Ashes Prelude,101,2,default,/cards/images/oJxHM7bFVy.jpg,https://index.gatcg.com/cards/anger-the-skies-doap
kGdhXWvHFi,Blitz Mage,blitz-mage,blitz-mage-doap,DOAp,Dawn of Ashes Prelude,065,2,default,/cards/images/kGdhXWvHFi.jpg,https://index.gatcg.com/cards/blitz-mage-doap
ctVRMYgJdw,Disorienting Winds,disorienting-winds,disorienting-winds-doap,DOAp,Dawn of Ashes Prelude,086,2,default,/cards/images/ctVRMYgJdw.jpg,https://index.gatcg.com/cards/disorienting-winds-doap
seHW4HxE03,Spirit Blade: Infusion,spirit-blade-infusion,spirit-blade-infusion-doap,DOAp,Dawn of Ashes Prelude,113,2,default,/cards/images/seHW4HxE03.jpg,https://index.gatcg.com/cards/spirit-blade-infusion-doap
zRYKP4YYfx,"Alice, Golden Queen",alice-golden-queen,alice-golden-queen-dtr1e-cur,DTR 1st,Distorted Reflections First Edition,004,8,default,/cards/images/zRYKP4YYfx.jpg,https://index.gatcg.com/cards/alice-golden-queen-dtr1e-cur
dqInYCIiaQ,Idle Thoughts,idle-thoughts,idle-thoughts-dtrsd,DTRSD,Distorted Reflections Starter Decks,028,1,default,/cards/images/dqInYCIiaQ.jpg,https://index.gatcg.com/cards/idle-thoughts-dtrsd
POhUny34MN,Stalwart Shieldmate,stalwart-shieldmate,stalwart-shieldmate-dtrsd,DTRSD,Distorted Reflections Starter Decks,036,1,default,/cards/images/POhUny34MN.jpg,https://index.gatcg.com/cards/stalwart-shieldmate-dtrsd
gki4IZ1bRY,"Elyan, Lustre Loyalty",elyan-lustre-loyalty,elyan-lustre-loyalty-evp-csr,EVP,Event Packs,021,7,default,/cards/images/gki4IZ1bRY.jpg,https://index.gatcg.com/cards/elyan-lustre-loyalty-evp-csr
GYRn8kIosl,"Sabela, Gossamer Penance",sabela-gossamer-penance,sabela-gossamer-penance-evp-csr,EVP,Event Packs,022,7,default,/cards/images/GYRn8kIosl.jpg,https://index.gatcg.com/cards/sabela-gossamer-penance-evp-csr
0qlqbkkvxz,"Merlin, Kingslayer",merlin-kingslayer,merlin-kingslayer-ftc-csra,FTC,Fractured Crown,004A,7,default,/cards/images/0qlqbkkvxz.jpg,https://index.gatcg.com/cards/merlin-kingslayer-ftc-csra
vskyrlv2qq,"Merlin, Kingslayer",merlin-kingslayer,merlin-kingslayer-ftc-csrb,FTC,Fractured Crown,004B,7,default,/cards/images/vskyrlv2qq.jpg,https://index.gatcg.com/cards/merlin-kingslayer-ftc-csrb
62e3i7fjgo,Quicksilver Grail,quicksilver-grail,quicksilver-grail-ftca,FTCA,Fractured Crown: Armaments,016,5,default,/cards/images/62e3i7fjgo.jpg,https://index.gatcg.com/cards/quicksilver-grail-ftca
EkzNUQpm5f,Enchanted Fete,enchanted-fete,enchanted-fete-gsc,GSC,GenSeCha,007,6,default,/cards/images/EkzNUQpm5f.jpg,https://index.gatcg.com/cards/enchanted-fete-gsc
yrWPX5XdDK,Enthralling Visage,enthralling-visage,enthralling-visage-gsc,GSC,GenSeCha,006,6,default,/cards/images/yrWPX5XdDK.jpg,https://index.gatcg.com/cards/enthralling-visage-gsc
rjkfm3rjgb,"Lu Bu, Indomitable Titan",lu-bu-indomitable-titan,lu-bu-indomitable-titan-hvn1e-cur,HVN 1st,Abyssal Heaven First Edition,208,8,flip,/cards/images/rjkfm3rjgb.jpg,https://index.gatcg.com/cards/lu-bu-indomitable-titan-hvn1e-cur
h7q6eocoeh,"Aithne, Spirit of Fire",aithne-spirit-of-fire,aithne-spirit-of-fire-p23-cpr,P23,Promotional 2023,009,9,default,/cards/images/h7q6eocoeh.jpg,https://index.gatcg.com/cards/aithne-spirit-of-fire-p23-cpr
30s60t3ayy,Creative Shock,creative-shock,creative-shock-p23,P23,Promotional 2023,019,6,default,/cards/images/30s60t3ayy.jpg,https://index.gatcg.com/cards/creative-shock-p23
liapiblsgg,Creative Shock,creative-shock,creative-shock-p23-cpr,P23,Promotional 2023,019,9,default,/cards/images/liapiblsgg.jpg,https://index.gatcg.com/cards/creative-shock-p23-cpr
pgzenxkwmp,Fast Cure,fast-cure,fast-cure-p23,P23,Promotional 2023,018,6,default,/cards/images/pgzenxkwmp.jpg,https://index.gatcg.com/cards/fast-cure-p23
xzd03w1sub,Fast Cure,fast-cure,fast-cure-p23-cpr,P23,Promotional 2023,018,9,default,/cards/images/xzd03w1sub.jpg,https://index.gatcg.com/cards/fast-cure-p23-cpr
1yq4xr18ww,"Gwendolyn, Spirit of Wind",gwendolyn-spirit-of-wind,gwendolyn-spirit-of-wind-p23-cpr,P23,Promotional 2023,015,9,default,/cards/images/1yq4xr18ww.jpg,https://index.gatcg.com/cards/gwendolyn-spirit-of-wind-p23-cpr
s5jwsl7ddc,Imperious Highlander,imperious-highlander,imperious-highlander-p23,P23,Promotional 2023,005,6,default,/cards/images/s5jwsl7ddc.jpg,https://index.gatcg.com/cards/imperious-highlander-p23
g505qzzade,Inspiring Call,inspiring-call,inspiring-call-p23,P23,Promotional 2023,006,6,default,/cards/images/g505qzzade.jpg,https://index.gatcg.com/cards/inspiring-call-p23
nkcqjdnuii,Inspiring Call,inspiring-call,inspiring-call-p23-cpr,P23,Promotional 2023,006,9,default,/cards/images/nkcqjdnuii.jpg,https://index.gatcg.com/cards/inspiring-call-p23-cpr
vskyslv2qq,"Morrigan, Lost Spirit",morrigan-lost-spirit,morrigan-lost-spirit-p23-houston,P23,Promotional 2023,010,9,default,/cards/images/vskyslv2qq.jpg,https://index.gatcg.com/cards/morrigan-lost-spirit-p23-houston
d43yb9p4lp,Nullifying Lantern,nullifying-lantern,nullifying-lantern-p23,P23,Promotional 2023,003,6,default,/cards/images/d43yb9p4lp.jpg,https://index.gatcg.com/cards/nullifying-lantern-p23
lzjmwthr88,Orb of Glitter,orb-of-glitter,orb-of-glitter-p23,P23,Promotional 2023,014,6,default,/cards/images/lzjmwthr88.jpg,https://index.gatcg.com/cards/orb-of-glitter-p23
s8rwpvjoz8,Orb of Glitter,orb-of-glitter,orb-of-glitter-p23-cpr,P23,Promotional 2023,014,9,default,/cards/images/s8rwpvjoz8.jpg,https://index.gatcg.com/cards/orb-of-glitter-p23-cpr
aloqk1c7wj,Orb of Regret,orb-of-regret,orb-of-regret-p23,P23,Promotional 2023,013,6,default,/cards/images/aloqk1c7wj.jpg,https://index.gatcg.com/cards/orb-of-regret-p23
5h52fm2dwf,Orb of Regret,orb-of-regret,orb-of-regret-p23-cpr,P23,Promotional 2023,013,9,default,/cards/images/5h52fm2dwf.jpg,https://index.gatcg.com/cards/orb-of-regret-p23-cpr
85xb5y8f33,Ordinary Bear,ordinary-bear,ordinary-bear-p23,P23,Promotional 2023,016,6,default,/cards/images/85xb5y8f33.jpg,https://index.gatcg.com/cards/ordinary-bear-p23
7xsxirr246,"Sabrina, Spirit of Water",sabrina-spirit-of-water,sabrina-spirit-of-water-p23-cpr,P23,Promotional 2023,020,9,default,/cards/images/7xsxirr246.jpg,https://index.gatcg.com/cards/sabrina-spirit-of-water-p23-cpr
kr6f6xgvue,Tide Diviner,tide-diviner,tide-diviner-p23,P23,Promotional 2023,008,6,default,/cards/images/kr6f6xgvue.jpg,https://index.gatcg.com/cards/tide-diviner-p23
30s70u3ayy,Tithe Proclamation,tithe-proclamation,tithe-proclamation-p23,P23,Promotional 2023,017,6,default,/cards/images/30s70u3ayy.jpg,https://index.gatcg.com/cards/tithe-proclamation-p23
qd65w08tx5,Tithe Proclamation,tithe-proclamation,tithe-proclamation-p23-cpr,P23,Promotional 2023,017,9,default,/cards/images/qd65w08tx5.jpg,https://index.gatcg.com/cards/tithe-proclamation-p23-cpr
x99w8eraxx,Academy Guide,academy-guide,academy-guide-p24,P24,Promotional 2024,120,6,default,/cards/images/x99w8eraxx.jpg,https://index.gatcg.com/cards/academy-guide-p24
tTFFH1OnSO,Academy Guide,academy-guide,academy-guide-p24-cpr,P24,Promotional 2024,120,9,default,/cards/images/tTFFH1OnSO.jpg,https://index.gatcg.com/cards/academy-guide-p24-cpr
2zw7a98f7b,Apotheosis Rite,apotheosis-rite,apotheosis-rite-p24-cpr,P24,Promotional 2024,000,9,default,/cards/images/2zw7a98f7b.jpg,https://index.gatcg.com/cards/apotheosis-rite-p24-cpr
okxl1px1y6,Assassin's Mantle,assassins-mantle,assassins-mantle-p24,P24,Promotional 2024,057,6,default,/cards/images/okxl1px1y6.jpg,https://index.gatcg.com/cards/assassins-mantle-p24
6cuig7d63c,Backup Charger,backup-charger,backup-charger-p24,P24,Promotional 2024,119,6,default,/cards/images/6cuig7d63c.jpg,https://index.gatcg.com/cards/backup-charger-p24
GJW0oFYZCF,Backup Charger,backup-charger,backup-charger-p24-cpr,P24,Promotional 2024,119,9,default,/cards/images/GJW0oFYZCF.jpg,https://index.gatcg.com/cards/backup-charger-p24-cpr
a45b4b4Plo,Beseech the Winds,beseech-the-winds,beseech-the-winds-p24,P24,Promotional 2024,052,6,default,/cards/images/a45b4b4Plo.jpg,https://index.gatcg.com/cards/beseech-the-winds-p24
f68ef86AzX,Betraying Blade,betraying-blade,betraying-blade-p24,P24,Promotional 2024,100,6,default,/cards/images/f68ef86AzX.jpg,https://index.gatcg.com/cards/betraying-blade-p24
wtfe5umsgo,Blazing Throw,blazing-throw,blazing-throw-p24,P24,Promotional 2024,118,6,default,/cards/images/wtfe5umsgo.jpg,https://index.gatcg.com/cards/blazing-throw-p24
pp12CvxWZE,Blazing Throw,blazing-throw,blazing-throw-p24-cpr,P24,Promotional 2024,118,9,default,/cards/images/pp12CvxWZE.jpg,https://index.gatcg.com/cards/blazing-throw-p24-cpr
oygqvol4so,"Brissa, Spirit of Wind",brissa-spirit-of-wind,brissa-spirit-of-wind-p24-cpr,P24,Promotional 2024,150,9,default,/cards/images/oygqvol4so.jpg,https://index.gatcg.com/cards/brissa-spirit-of-wind-p24-cpr
e4z4pyx9bd,Capricious Lynx,capricious-lynx,capricious-lynx-p24,P24,Promotional 2024,047,6,default,/cards/images/e4z4pyx9bd.jpg,https://index.gatcg.com/cards/capricious-lynx-p24
14xwa7q1d8,Careful Study,careful-study,careful-study-p24,P24,Promotional 2024,111,6,default,/cards/images/14xwa7q1d8.jpg,https://index.gatcg.com/cards/careful-study-p24
yuutx1ckl1,Cell Assembler,cell-assembler,cell-assembler-p24,P24,Promotional 2024,064,6,default,/cards/images/yuutx1ckl1.jpg,https://index.gatcg.com/cards/cell-assembler-p24
hnnmq6af09,Chilling Touch,chilling-touch,chilling-touch-p24,P24,Promotional 2024,053,6,default,/cards/images/hnnmq6af09.jpg,https://index.gatcg.com/cards/chilling-touch-p24
zbh6gbyumt,Cone of Frost,cone-of-frost,cone-of-frost-p24,P24,Promotional 2024,151,6,default,/cards/images/zbh6gbyumt.jpg,https://index.gatcg.com/cards/cone-of-frost-p24
Pozlqnw102,Empowering Prayer,empowering-prayer,empowering-prayer-p24,P24,Promotional 2024,049,6,default,/cards/images/Pozlqnw102.jpg,https://index.gatcg.com/cards/empowering-prayer-p24
jqigqh8k0d,Executioner's Spear,executioners-spear,executioners-spear-p24,P24,Promotional 2024,116,6,default,/cards/images/jqigqh8k0d.jpg,https://index.gatcg.com/cards/executioners-spear-p24
36k10jvfwq,Exorcise Curses,exorcise-curses,exorcise-curses-p24,P24,Promotional 2024,063,6,default,/cards/images/36k10jvfwq.jpg,https://index.gatcg.com/cards/exorcise-curses-p24
Lhm2zjCvPM,Exorcise Curses,exorcise-curses,exorcise-curses-p24-cpr,P24,Promotional 2024,063,9,default,/cards/images/Lhm2zjCvPM.jpg,https://index.gatcg.com/cards/exorcise-curses-p24-cpr
x2aulqkegf,Fan of Seven Debts,fan-of-seven-debts,fan-of-seven-debts-p24,P24,Promotional 2024,117,6,default,/cards/images/x2aulqkegf.jpg,https://index.gatcg.com/cards/fan-of-seven-debts-p24
jyhlusgp77,Fireworks Display,fireworks-display,fireworks-display-p24,P24,Promotional 2024,055,6,default,/cards/images/jyhlusgp77.jpg,https://index.gatcg.com/cards/fireworks-display-p24
0e0dasw1fe,Flame-Rune Swordsman,flame-rune-swordsman,flame-rune-swordsman-p24,P24,Promotional 2024,112,6,default,/cards/images/0e0dasw1fe.jpg,https://index.gatcg.com/cards/flame-rune-swordsman-p24
0e2d0aacP0,Forest Cake,forest-cake,forest-cake-p24,P24,Promotional 2024,074,6,default,/cards/images/0e2d0aacP0.jpg,https://index.gatcg.com/cards/forest-cake-p24
8hx5it6xku,Fractal of Rain,fractal-of-rain,fractal-of-rain-p24,P24,Promotional 2024,121,6,default,/cards/images/8hx5it6xku.jpg,https://index.gatcg.com/cards/fractal-of-rain-p24
Zqdd531d88,Frostbind,frostbind,frostbind-p24,P24,Promotional 2024,043,6,default,/cards/images/Zqdd531d88.jpg,https://index.gatcg.com/cards/frostbind-p24
96c75b5dbd,Frostbind,frostbind,frostbind-p24-cpr,P24,Promotional 2024,043,9,default,/cards/images/96c75b5dbd.jpg,https://index.gatcg.com/cards/frostbind-p24-cpr
44o00fq1oa,Hailstorm Guard,hailstorm-guard,hailstorm-guard-p24,P24,Promotional 2024,066,6,default,/cards/images/44o00fq1oa.jpg,https://index.gatcg.com/cards/hailstorm-guard-p24
JNn56sIbGc,Hailstorm Guard,hailstorm-guard,hailstorm-guard-p24-cpr,P24,Promotional 2024,066,9,default,/cards/images/JNn56sIbGc.jpg,https://index.gatcg.com/cards/hailstorm-guard-p24-cpr
50ydsvtyor,Heighten Spellcraft,heighten-spellcraft,heighten-spellcraft-p24,P24,Promotional 2024,122,6,default,/cards/images/50ydsvtyor.jpg,https://index.gatcg.com/cards/heighten-spellcraft-p24
c26bn55g9b,Ingredient Pouch,ingredient-pouch,ingredient-pouch-p24,P24,Promotional 2024,007,6,default,/cards/images/c26bn55g9b.jpg,https://index.gatcg.com/cards/ingredient-pouch-p24
9knoj0a5ui,Into the Fray,into-the-fray,into-the-fray-p24,P24,Promotional 2024,054,6,default,/cards/images/9knoj0a5ui.jpg,https://index.gatcg.com/cards/into-the-fray-p24
liaohblsgg,Into the Fray,into-the-fray,into-the-fray-p24-cpr,P24,Promotional 2024,054,9,default,/cards/images/liaohblsgg.jpg,https://index.gatcg.com/cards/into-the-fray-p24-cpr
qw4o1n4gyg,Key Slime Pudding,key-slime-pudding,key-slime-pudding-p24,P24,Promotional 2024,056,6,default,/cards/images/qw4o1n4gyg.jpg,https://index.gatcg.com/cards/key-slime-pudding-p24
3de9f6c1ae,Lightweaver's Assault,lightweavers-assault,lightweavers-assault-p24,P24,Promotional 2024,062,6,default,/cards/images/3de9f6c1ae.jpg,https://index.gatcg.com/cards/lightweavers-assault-p24
NFpQjXlskq,Lightweaver's Assault,lightweavers-assault,lightweavers-assault-p24-cpr,P24,Promotional 2024,062,9,default,/cards/images/NFpQjXlskq.jpg,https://index.gatcg.com/cards/lightweavers-assault-p24-cpr
kdbm4n7a24,Lost in Thought,lost-in-thought,lost-in-thought-p24,P24,Promotional 2024,153,6,default,/cards/images/kdbm4n7a24.jpg,https://index.gatcg.com/cards/lost-in-thought-p24
mhrh2lrtRt,Lost in Thought,lost-in-thought,lost-in-thought-p24-cpr,P24,Promotional 2024,153,9,default,/cards/images/mhrh2lrtRt.jpg,https://index.gatcg.com/cards/lost-in-thought-p24-cpr
Auizkwj12m,Lurking Assailant,lurking-assailant,lurking-assailant-p24,P24,Promotional 2024,045,6,default,/cards/images/Auizkwj12m.jpg,https://index.gatcg.com/cards/lurking-assailant-p24
m9bvWCyWsC,Lurking Assailant,lurking-assailant,lurking-assailant-p24-cpr,P24,Promotional 2024,045,9,default,/cards/images/m9bvWCyWsC.jpg,https://index.gatcg.com/cards/lurking-assailant-p24-cpr
46c719fa91,Lustrous Slime,lustrous-slime,lustrous-slime-p24,P24,Promotional 2024,085,6,default,/cards/images/46c719fa91.jpg,https://index.gatcg.com/cards/lustrous-slime-p24
sadde31r0b,"Minthe, Spirit of Water",minthe-spirit-of-water,minthe-spirit-of-water-p24-cpr,P24,Promotional 2024,155,9,default,/cards/images/sadde31r0b.jpg,https://index.gatcg.com/cards/minthe-spirit-of-water-p24-cpr
axh9747uq2,"Morrigan, Lost Spirit",morrigan-lost-spirit,morrigan-lost-spirit-p24-cpr,P24,Promotional 2024,157,9,default,/cards/images/axh9747uq2.jpg,https://index.gatcg.com/cards/morrigan-lost-spirit-p24-cpr
nv6zw1p0qz,Nascent Blast,nascent-blast,nascent-blast-p24,P24,Promotional 2024,158,6,default,/cards/images/nv6zw1p0qz.jpg,https://index.gatcg.com/cards/nascent-blast-p24
rf9ez2c3n8,Nascent Blast,nascent-blast,nascent-blast-p24-cpr,P24,Promotional 2024,158,9,default,/cards/images/rf9ez2c3n8.jpg,https://index.gatcg.com/cards/nascent-blast-p24-cpr
q3hvrj5bcb,Orb of Hubris,orb-of-hubris,orb-of-hubris-p24,P24,Promotional 2024,046,6,default,/cards/images/q3hvrj5bcb.jpg,https://index.gatcg.com/cards/orb-of-hubris-p24
lObzMQy7rO,Orb of Hubris,orb-of-hubris,orb-of-hubris-p24-cpr,P24,Promotional 2024,046,9,default,/cards/images/lObzMQy7rO.jpg,https://index.gatcg.com/cards/orb-of-hubris-p24-cpr
opIZ01nzaq,Peaceful Reunion,peaceful-reunion,peaceful-reunion-p24,P24,Promotional 2024,048,6,default,/cards/images/opIZ01nzaq.jpg,https://index.gatcg.com/cards/peaceful-reunion-p24
c56d6a9cZA,Peaceful Reunion,peaceful-reunion,peaceful-reunion-p24-cpr,P24,Promotional 2024,048,9,default,/cards/images/c56d6a9cZA.jpg,https://index.gatcg.com/cards/peaceful-reunion-p24-cpr
scmcnw34ek,Peer into Mana,peer-into-mana,peer-into-mana-p24,P24,Promotional 2024,154,6,default,/cards/images/scmcnw34ek.jpg,https://index.gatcg.com/cards/peer-into-mana-p24
IZo1n210lm,"Priscilla, Lost Spirit",priscilla-lost-spirit,priscilla-lost-spirit-p24,P24,Promotional 2024,059,9,default,/cards/images/IZo1n210lm.jpg,https://index.gatcg.com/cards/priscilla-lost-spirit-p24
1i4p0mr492,Prototype Pistol,prototype-pistol,prototype-pistol-p24,P24,Promotional 2024,012,6,default,/cards/images/1i4p0mr492.jpg,https://index.gatcg.com/cards/prototype-pistol-p24
6qzppv6tvx,Reduce to Ash,reduce-to-ash,reduce-to-ash-p24,P24,Promotional 2024,065,6,default,/cards/images/6qzppv6tvx.jpg,https://index.gatcg.com/cards/reduce-to-ash-p24
cf1u44x3bf,Reprogram,reprogram,reprogram-p24,P24,Promotional 2024,114,6,default,/cards/images/cf1u44x3bf.jpg,https://index.gatcg.com/cards/reprogram-p24
a4wZF39Kqy,Reprogram,reprogram,reprogram-p24-cpr,P24,Promotional 2024,114,9,default,/cards/images/a4wZF39Kqy.jpg,https://index.gatcg.com/cards/reprogram-p24-cpr
sg3XcZN3TG,Revitalizing Cleanse,revitalizing-cleanse,revitalizing-cleanse-p24,P24,Promotional 2024,156,6,default,/cards/images/sg3XcZN3TG.jpg,https://index.gatcg.com/cards/revitalizing-cleanse-p24
yHQ0pn3uXT,Revitalizing Cleanse,revitalizing-cleanse,revitalizing-cleanse-p24-cpr,P24,Promotional 2024,156,9,default,/cards/images/yHQ0pn3uXT.jpg,https://index.gatcg.com/cards/revitalizing-cleanse-p24-cpr
o239aman2L,Sable Remnant,sable-remnant,sable-remnant-p24,P24,Promotional 2024,060,6,default,/cards/images/o239aman2L.jpg,https://index.gatcg.com/cards/sable-remnant-p24
ad437d47oL,Scry the Skies,scry-the-skies,scry-the-skies-p24,P24,Promotional 2024,051,6,default,/cards/images/ad437d47oL.jpg,https://index.gatcg.com/cards/scry-the-skies-p24
96be4f3aIz,Scry the Skies,scry-the-skies,scry-the-skies-p24-cpr,P24,Promotional 2024,051,9,default,/cards/images/96be4f3aIz.jpg,https://index.gatcg.com/cards/scry-the-skies-p24-cpr
u3shkyq5t3,"Shira, Lost Spirit",shira-lost-spirit,shira-lost-spirit-p24-cpr,P24,Promotional 2024,113,9,default,/cards/images/u3shkyq5t3.jpg,https://index.gatcg.com/cards/shira-lost-spirit-p24-cpr
smq103eaw1,"Silvie, Slime Sovereign",silvie-slime-sovereign,silvie-slime-sovereign-p24,P24,Promotional 2024,069,6,default,/cards/images/smq103eaw1.jpg,https://index.gatcg.com/cards/silvie-slime-sovereign-p24
Kvznw120zo,Slime King,slime-king,slime-king-p24,P24,Promotional 2024,086,6,default,/cards/images/Kvznw120zo.jpg,https://index.gatcg.com/cards/slime-king-p24
85xb4y7f32,Spirit Blade: Ascension,spirit-blade-ascension,spirit-blade-ascension-p24,P24,Promotional 2024,042,6,default,/cards/images/85xb4y7f32.jpg,https://index.gatcg.com/cards/spirit-blade-ascension-p24
soyks7rjf9,Staggering Strike,staggering-strike,staggering-strike-p24,P24,Promotional 2024,152,6,default,/cards/images/soyks7rjf9.jpg,https://index.gatcg.com/cards/staggering-strike-p24
yz5c8t4hv8,Stalwart Shieldmate,stalwart-shieldmate,stalwart-shieldmate-p24,P24,Promotional 2024,036,6,default,/cards/images/yz5c8t4hv8.jpg,https://index.gatcg.com/cards/stalwart-shieldmate-p24
0c25n5d8lj,Swooping Talons,swooping-talons,swooping-talons-p24,P24,Promotional 2024,050,6,default,/cards/images/0c25n5d8lj.jpg,https://index.gatcg.com/cards/swooping-talons-p24
480r4e3w10,Tariff Ring,tariff-ring,tariff-ring-p24,P24,Promotional 2024,115,6,default,/cards/images/480r4e3w10.jpg,https://index.gatcg.com/cards/tariff-ring-p24
isyz5li24q,Vaporjet Shieldbearer,vaporjet-shieldbearer,vaporjet-shieldbearer-p24,P24,Promotional 2024,058,6,default,/cards/images/isyz5li24q.jpg,https://index.gatcg.com/cards/vaporjet-shieldbearer-p24
AzQGT9U1RS,Vaporjet Shieldbearer,vaporjet-shieldbearer,vaporjet-shieldbearer-p24-cpr,P24,Promotional 2024,058,9,default,/cards/images/AzQGT9U1RS.jpg,https://index.gatcg.com/cards/vaporjet-shieldbearer-p24-cpr
b31xa8n3ko,Veiling Breeze,veiling-breeze,veiling-breeze-p24,P24,Promotional 2024,044,6,default,/cards/images/b31xa8n3ko.jpg,https://index.gatcg.com/cards/veiling-breeze-p24
Mziq210zka,Verdant Slime,verdant-slime,verdant-slime-p24,P24,Promotional 2024,087,6,default,/cards/images/Mziq210zka.jpg,https://index.gatcg.com/cards/verdant-slime-p24
poqwen120n,"Vyra, Spirit of Fire",vyra-spirit-of-fire,vyra-spirit-of-fire-p24-cpr,P24,Promotional 2024,067,9,default,/cards/images/poqwen120n.jpg,https://index.gatcg.com/cards/vyra-spirit-of-fire-p24-cpr
c5dae92loi,Windmill Engineer,windmill-engineer,windmill-engineer-p24,P24,Promotional 2024,061,6,default,/cards/images/c5dae92loi.jpg,https://index.gatcg.com/cards/windmill-engineer-p24
XjB6Ofshyj,Windmill Engineer,windmill-engineer,windmill-engineer-p24-cpr,P24,Promotional 2024,061,9,default,/cards/images/XjB6Ofshyj.jpg,https://index.gatcg.com/cards/windmill-engineer-p24-cpr
gq56djg0bo,Worn Gearblade,worn-gearblade,worn-gearblade-p24,P24,Promotional 2024,018,6,default,/cards/images/gq56djg0bo.jpg,https://index.gatcg.com/cards/worn-gearblade-p24
L8LzuRB2Sx,Acolyte of Cultivation,acolyte-of-cultivation,acolyte-of-cultivation-p25,P25,Promotional 2025,019,6,default,/cards/images/L8LzuRB2Sx.jpg,https://index.gatcg.com/cards/acolyte-of-cultivation-p25
aWtQSUFmxA,Acolyte of Cultivation,acolyte-of-cultivation,acolyte-of-cultivation-p25-cpr,P25,Promotional 2025,019,9,default,/cards/images/aWtQSUFmxA.jpg,https://index.gatcg.com/cards/acolyte-of-cultivation-p25-cpr
jOJjXUZ0VU,"Aithne, Spirit of Fire",aithne-spirit-of-fire,aithne-spirit-of-fire-p25-cpr,P25,Promotional 2025,012,9,default,/cards/images/jOJjXUZ0VU.jpg,https://index.gatcg.com/cards/aithne-spirit-of-fire-p25-cpr
dEthNCCTMY,Annul Spell,annul-spell,annul-spell-p25,P25,Promotional 2025,073,6,default,/cards/images/dEthNCCTMY.jpg,https://index.gatcg.com/cards/annul-spell-p25
yQk3TU56Db,Another Beginning,another-beginning,another-beginning-p25-cpr,P25,Promotional 2025,149,9,default,/cards/images/yQk3TU56Db.jpg,https://index.gatcg.com/cards/another-beginning-p25-cpr
RvkEhbuWMj,Conflagrant Sentinel,conflagrant-sentinel,conflagrant-sentinel-p25,P25,Promotional 2025,090,6,default,/cards/images/RvkEhbuWMj.jpg,https://index.gatcg.com/cards/conflagrant-sentinel-p25
AsYk9qAUYR,Conniving Plans,conniving-plans,conniving-plans-p25,P25,Promotional 2025,082,6,default,/cards/images/AsYk9qAUYR.jpg,https://index.gatcg.com/cards/conniving-plans-p25
oqcBT7AuXE,Converge Reflections,converge-reflections,converge-reflections-p25,P25,Promotional 2025,143,6,default,/cards/images/oqcBT7AuXE.jpg,https://index.gatcg.com/cards/converge-reflections-p25
LoRGiUdXep,Coronation Ceremony,coronation-ceremony,coronation-ceremony-p25,P25,Promotional 2025,021,6,default,/cards/images/LoRGiUdXep.jpg,https://index.gatcg.com/cards/coronation-ceremony-p25
CbHrjHG30G,Cosmic Astroscope,cosmic-astroscope,cosmic-astroscope-p25-cpr,P25,Promotional 2025,007,9,default,/cards/images/CbHrjHG30G.jpg,https://index.gatcg.com/cards/cosmic-astroscope-p25-cpr
F2t9zyVo8h,Crystallized Destiny,crystallized-destiny,crystallized-destiny-p25-cpr,P25,Promotional 2025,144,9,default,/cards/images/F2t9zyVo8h.jpg,https://index.gatcg.com/cards/crystallized-destiny-p25-cpr
IMHkXAkIXu,Devastating Blow,devastating-blow,devastating-blow-p25,P25,Promotional 2025,080,6,default,/cards/images/IMHkXAkIXu.jpg,https://index.gatcg.com/cards/devastating-blow-p25
Jv2FJ0Kj9v,Disenchant,disenchant,disenchant-p25,P25,Promotional 2025,091,6,default,/cards/images/Jv2FJ0Kj9v.jpg,https://index.gatcg.com/cards/disenchant-p25
jVFQ5kr9IG,Disenchant,disenchant,disenchant-p25-cpr,P25,Promotional 2025,091,9,default,/cards/images/jVFQ5kr9IG.jpg,https://index.gatcg.com/cards/disenchant-p25-cpr
G5AaW2kvvi,Dissuading Halt,dissuading-halt,dissuading-halt-p25-omnidex,P25,Promotional 2025,018,6,default,/cards/images/G5AaW2kvvi.jpg,https://index.gatcg.com/cards/dissuading-halt-p25-omnidex
uUbRlF7tHD,Dormouse Informant,dormouse-informant,dormouse-informant-p25,P25,Promotional 2025,148,6,default,/cards/images/uUbRlF7tHD.jpg,https://index.gatcg.com/cards/dormouse-informant-p25
lmcLnuLNan,Enrage,enrage,enrage-p25-cpr,P25,Promotional 2025,024,9,default,/cards/images/lmcLnuLNan.jpg,https://index.gatcg.com/cards/enrage-p25-cpr
dLq6BAJHIc,Eternal Magistrate,eternal-magistrate,eternal-magistrate-p25,P25,Promotional 2025,003,9,default,/cards/images/dLq6BAJHIc.jpg,https://index.gatcg.com/cards/eternal-magistrate-p25
GbmU1fj0ep,Evasive Maneuvers,evasive-maneuvers,evasive-maneuvers-p25,P25,Promotional 2025,081,6,default,/cards/images/GbmU1fj0ep.jpg,https://index.gatcg.com/cards/evasive-maneuvers-p25
J1O6YnRo8u,Fast Cure,fast-cure,fast-cure-p25,P25,Promotional 2025,075,6,default,/cards/images/J1O6YnRo8u.jpg,https://index.gatcg.com/cards/fast-cure-p25
FaH7fjG7c1,Fertile Grounds,fertile-grounds,fertile-grounds-p25,P25,Promotional 2025,083,6,default,/cards/images/FaH7fjG7c1.jpg,https://index.gatcg.com/cards/fertile-grounds-p25
RYlntxKv70,Fiery Interference,fiery-interference,fiery-interference-p25,P25,Promotional 2025,141,6,default,/cards/images/RYlntxKv70.jpg,https://index.gatcg.com/cards/fiery-interference-p25
Kofoxxkm28,Fire Resonance Bauble,fire-resonance-bauble,fire-resonance-bauble-p25,P25,Promotional 2025,079,6,default,/cards/images/Kofoxxkm28.jpg,https://index.gatcg.com/cards/fire-resonance-bauble-p25
vttwFqINCR,Foresight Lens,foresight-lens,foresight-lens-p25,P25,Promotional 2025,106,6,default,/cards/images/vttwFqINCR.jpg,https://index.gatcg.com/cards/foresight-lens-p25
1Rsy0drz59,Freezing Hail,freezing-hail,freezing-hail-p25,P25,Promotional 2025,138,6,default,/cards/images/1Rsy0drz59.jpg,https://index.gatcg.com/cards/freezing-hail-p25
vgkkQcBeSe,Frostbind,frostbind,frostbind-p25,P25,Promotional 2025,028,6,default,/cards/images/vgkkQcBeSe.jpg,https://index.gatcg.com/cards/frostbind-p25
KqibwbvIpi,Frostsworn Paladin,frostsworn-paladin,frostsworn-paladin-p25-cpr,P25,Promotional 2025,074,9,default,/cards/images/KqibwbvIpi.jpg,https://index.gatcg.com/cards/frostsworn-paladin-p25-cpr
pEmsTSl6zG,Ghosts of Pendragon,ghosts-of-pendragon,ghosts-of-pendragon-p25-cpr,P25,Promotional 2025,088,9,default,/cards/images/pEmsTSl6zG.jpg,https://index.gatcg.com/cards/ghosts-of-pendragon-p25-cpr
mQn1O1Pl3A,Grande Aiguille,grande-aiguille,grande-aiguille-p25,P25,Promotional 2025,084,6,default,/cards/images/mQn1O1Pl3A.jpg,https://index.gatcg.com/cards/grande-aiguille-p25
pKoS5RFZSH,"Gwendolyn, Spirit of Wind",gwendolyn-spirit-of-wind,gwendolyn-spirit-of-wind-p25-cpr,P25,Promotional 2025,014,9,default,/cards/images/pKoS5RFZSH.jpg,https://index.gatcg.com/cards/gwendolyn-spirit-of-wind-p25-cpr
OKJyfFMdKf,"Hanabi, Spirit of Fire",hanabi-spirit-of-fire,hanabi-spirit-of-fire-p25-cpr,P25,Promotional 2025,009,9,default,/cards/images/OKJyfFMdKf.jpg,https://index.gatcg.com/cards/hanabi-spirit-of-fire-p25-cpr
GgqHRSW9rM,Heavenly Guide,heavenly-guide,heavenly-guide-p25-cpr,P25,Promotional 2025,006,9,default,/cards/images/GgqHRSW9rM.jpg,https://index.gatcg.com/cards/heavenly-guide-p25-cpr
Gtkxe1LiRS,Incapacitate,incapacitate,incapacitate-p25,P25,Promotional 2025,027,6,default,/cards/images/Gtkxe1LiRS.jpg,https://index.gatcg.com/cards/incapacitate-p25
tG2mPAKIIU,Journey's Beginning,journeys-beginning,journeys-beginning-p25-omnidex,P25,Promotional 2025,017,6,default,/cards/images/tG2mPAKIIU.jpg,https://index.gatcg.com/cards/journeys-beginning-p25-omnidex
grLWUNja2x,"Kaze, Spirit of Wind",kaze-spirit-of-wind,kaze-spirit-of-wind-p25,P25,Promotional 2025,008,9,default,/cards/images/grLWUNja2x.jpg,https://index.gatcg.com/cards/kaze-spirit-of-wind-p25
Wa5g8PP0Q1,"Lorraine, Ascendant Wings",lorraine-ascendant-wings,lorraine-ascendant-wings-p25,P25,Promotional 2025,001,6,default,/cards/images/Wa5g8PP0Q1.jpg,https://index.gatcg.com/cards/lorraine-ascendant-wings-p25
i1bXBGo4hs,Mandate of Honor,mandate-of-honor,mandate-of-honor-p25-cpr,P25,Promotional 2025,025,9,default,/cards/images/i1bXBGo4hs.jpg,https://index.gatcg.com/cards/mandate-of-honor-p25-cpr
rkJSsiZ15k,Mastermind Scheme,mastermind-scheme,mastermind-scheme-p25,P25,Promotional 2025,140,6,default,/cards/images/rkJSsiZ15k.jpg,https://index.gatcg.com/cards/mastermind-scheme-p25
PVQvLidigt,"Miao, Spirit of Water",miao-spirit-of-water,miao-spirit-of-water-p25-cpr,P25,Promotional 2025,011,9,default,/cards/images/PVQvLidigt.jpg,https://index.gatcg.com/cards/miao-spirit-of-water-p25-cpr
XUI3Ma97Bn,Mnemonic Charm,mnemonic-charm,mnemonic-charm-p25-cpr,P25,Promotional 2025,026,9,default,/cards/images/XUI3Ma97Bn.jpg,https://index.gatcg.com/cards/mnemonic-charm-p25-cpr
iLFpKO2lq3,"Morrigan, Lost Spirit",morrigan-lost-spirit,morrigan-lost-spirit-p25-cpr,P25,Promotional 2025,015,9,default,/cards/images/iLFpKO2lq3.jpg,https://index.gatcg.com/cards/morrigan-lost-spirit-p25-cpr
frJTYVP7bc,Poisoned Dagger,poisoned-dagger,poisoned-dagger-p25-cpr,P25,Promotional 2025,145,9,default,/cards/images/frJTYVP7bc.jpg,https://index.gatcg.com/cards/poisoned-dagger-p25-cpr
szknbabbwd,"Priscilla, Lost Spirit",priscilla-lost-spirit,priscilla-lost-spirit-p25-cpr,P25,Promotional 2025,010,9,default,/cards/images/szknbabbwd.jpg,https://index.gatcg.com/cards/priscilla-lost-spirit-p25-cpr
dOxH5KYPPt,Reclaim,reclaim,reclaim-p25,P25,Promotional 2025,147,6,default,/cards/images/dOxH5KYPPt.jpg,https://index.gatcg.com/cards/reclaim-p25
rva12ihmvO,Refluxal Ribbon,refluxal-ribbon,refluxal-ribbon-p25,P25,Promotional 2025,085,6,default,/cards/images/rva12ihmvO.jpg,https://index.gatcg.com/cards/refluxal-ribbon-p25
CBRUhIzWV7,Retold Fortune,retold-fortune,retold-fortune-p25,P25,Promotional 2025,076,6,default,/cards/images/CBRUhIzWV7.jpg,https://index.gatcg.com/cards/retold-fortune-p25
3IQLMKdJK5,Retold Fortune,retold-fortune,retold-fortune-p25-cpr,P25,Promotional 2025,076,9,default,/cards/images/3IQLMKdJK5.jpg,https://index.gatcg.com/cards/retold-fortune-p25-cpr
PdhmyY7wXB,Sablier Guard,sablier-guard,sablier-guard-p25,P25,Promotional 2025,125,6,default,/cards/images/PdhmyY7wXB.jpg,https://index.gatcg.com/cards/sablier-guard-p25
l1hbQvhLCE,Sacramental Rite,sacramental-rite,sacramental-rite-p25-cpr,P25,Promotional 2025,000,9,default,/cards/images/l1hbQvhLCE.jpg,https://index.gatcg.com/cards/sacramental-rite-p25-cpr
qtPcanay9A,Savage Slash,savage-slash,savage-slash-p25,P25,Promotional 2025,137,6,default,/cards/images/qtPcanay9A.jpg,https://index.gatcg.com/cards/savage-slash-p25
5gb7e00aWA,Seal the Past,seal-the-past,seal-the-past-p25,P25,Promotional 2025,029,6,default,/cards/images/5gb7e00aWA.jpg,https://index.gatcg.com/cards/seal-the-past-p25
2CEC9RNqxU,Seal the Past,seal-the-past,seal-the-past-p25-cpr,P25,Promotional 2025,029,9,default,/cards/images/2CEC9RNqxU.jpg,https://index.gatcg.com/cards/seal-the-past-p25-cpr
ZTFp5gMT5t,Second Wind,second-wind,second-wind-p25,P25,Promotional 2025,005,6,default,/cards/images/ZTFp5gMT5t.jpg,https://index.gatcg.com/cards/second-wind-p25
SM5SqYWSbX,Shadowstrike,shadowstrike,shadowstrike-p25-cpr,P25,Promotional 2025,146,9,default,/cards/images/SM5SqYWSbX.jpg,https://index.gatcg.com/cards/shadowstrike-p25-cpr
HIMR6MpWhX,Shard of Empowerment,shard-of-empowerment,shard-of-empowerment-p25,P25,Promotional 2025,020,6,default,/cards/images/HIMR6MpWhX.jpg,https://index.gatcg.com/cards/shard-of-empowerment-p25
03fevTjPZl,"Shira, Lost Spirit",shira-lost-spirit,shira-lost-spirit-p25-cpr,P25,Promotional 2025,013,9,default,/cards/images/03fevTjPZl.jpg,https://index.gatcg.com/cards/shira-lost-spirit-p25-cpr
S9T7HK09bP,Smoke Bombs,smoke-bombs,smoke-bombs-p25-cpr,P25,Promotional 2025,087,9,default,/cards/images/S9T7HK09bP.jpg,https://index.gatcg.com/cards/smoke-bombs-p25-cpr
GNnzy7oLaB,Spurn to Ash,spurn-to-ash,spurn-to-ash-p25,P25,Promotional 2025,004,6,default,/cards/images/GNnzy7oLaB.jpg,https://index.gatcg.com/cards/spurn-to-ash-p25
8b1dvn5BNu,Spurn to Ash,spurn-to-ash,spurn-to-ash-p25-cpr,P25,Promotional 2025,004,9,default,/cards/images/8b1dvn5BNu.jpg,https://index.gatcg.com/cards/spurn-to-ash-p25-cpr
Rnp4csFs2l,Sudden Steel,sudden-steel,sudden-steel-p25,P25,Promotional 2025,142,6,default,/cards/images/Rnp4csFs2l.jpg,https://index.gatcg.com/cards/sudden-steel-p25
2Q2j1bDNVw,Surveil the Winds,surveil-the-winds,surveil-the-winds-p25-cpr,P25,Promotional 2025,086,9,default,/cards/images/2Q2j1bDNVw.jpg,https://index.gatcg.com/cards/surveil-the-winds-p25-cpr
SSgbxE61Z4,Sword of Seeking,sword-of-seeking,sword-of-seeking-p25,P25,Promotional 2025,002,6,default,/cards/images/SSgbxE61Z4.jpg,https://index.gatcg.com/cards/sword-of-seeking-p25
cy3b5JTHZs,Tariff Ring,tariff-ring,tariff-ring-p25,P25,Promotional 2025,077,6,default,/cards/images/cy3b5JTHZs.jpg,https://index.gatcg.com/cards/tariff-ring-p25
0PvNeJsvmM,Tempered Steel,tempered-steel,tempered-steel-p25,P25,Promotional 2025,089,6,default,/cards/images/0PvNeJsvmM.jpg,https://index.gatcg.com/cards/tempered-steel-p25
653Mhj8mKf,Thunderclap,thunderclap,thunderclap-p25,P25,Promotional 2025,078,6,default,/cards/images/653Mhj8mKf.jpg,https://index.gatcg.com/cards/thunderclap-p25
VUZk9afBUR,Veiled Dash,veiled-dash,veiled-dash-p25,P25,Promotional 2025,139,6,default,/cards/images/VUZk9afBUR.jpg,https://index.gatcg.com/cards/veiled-dash-p25
MsjZK2uDab,Wandering Glaivier,wandering-glaivier,wandering-glaivier-p25,P25,Promotional 2025,016,6,default,/cards/images/MsjZK2uDab.jpg,https://index.gatcg.com/cards/wandering-glaivier-p25
8wX5vbwzYD,Water Resonance Bauble,water-resonance-bauble,water-resonance-bauble-p25,P25,Promotional 2025,092,6,default,/cards/images/8wX5vbwzYD.jpg,https://index.gatcg.com/cards/water-resonance-bauble-p25
E2t3pUCGWB,Wind Resonance Bauble,wind-resonance-bauble,wind-resonance-bauble-p25,P25,Promotional 2025,150,6,default,/cards/images/E2t3pUCGWB.jpg,https://index.gatcg.com/cards/wind-resonance-bauble-p25
oVi8RyWstm,Astral Seal,astral-seal,astral-seal-p26-cpr,P26,Promotional 2026,027,9,default,/cards/images/oVi8RyWstm.jpg,https://index.gatcg.com/cards/astral-seal-p26-cpr
YFi0XyBeNj,Auspicious Feast,auspicious-feast,auspicious-feast-p26,P26,Promotional 2026,063,6,default,/cards/images/YFi0XyBeNj.jpg,https://index.gatcg.com/cards/auspicious-feast-p26
91eitudHZg,Benediction Angel,benediction-angel,benediction-angel-p26,P26,Promotional 2026,021,6,default,/cards/images/91eitudHZg.jpg,https://index.gatcg.com/cards/benediction-angel-p26
pJJckOK8Cr,Break Apart,break-apart,break-apart-p26,P26,Promotional 2026,014,6,default,/cards/images/pJJckOK8Cr.jpg,https://index.gatcg.com/cards/break-apart-p26
0BNNw1ShMe,"Cheshire Cat, Impish Grin",cheshire-cat-impish-grin,cheshire-cat-impish-grin-p26-cpr,P26,Promotional 2026,006,9,default,/cards/images/0BNNw1ShMe.jpg,https://index.gatcg.com/cards/cheshire-cat-impish-grin-p26-cpr
bulUQxO5IH,Croaking Webfoot,frog,croaking-webfoot-p26,P26,Promotional 2026,005,6,default,/cards/images/bulUQxO5IH.jpg,https://index.gatcg.com/cards/croaking-webfoot-p26
LaUOdlR4a4,Dauntless Assault,dauntless-assault,dauntless-assault-p26,P26,Promotional 2026,034,6,default,/cards/images/LaUOdlR4a4.jpg,https://index.gatcg.com/cards/dauntless-assault-p26
pEzLKnJVzv,"Dinah, Lost Spirit",dinah-lost-spirit,dinah-lost-spirit-p26-cpr,P26,Promotional 2026,009,9,default,/cards/images/pEzLKnJVzv.jpg,https://index.gatcg.com/cards/dinah-lost-spirit-p26-cpr
domXcrn4t4,Disintegrate,disintegrate,disintegrate-p26,P26,Promotional 2026,029,6,default,/cards/images/domXcrn4t4.jpg,https://index.gatcg.com/cards/disintegrate-p26
MZdG6ZtdqM,Drawn Blade,drawn-blade,drawn-blade-p26,P26,Promotional 2026,035,6,default,/cards/images/MZdG6ZtdqM.jpg,https://index.gatcg.com/cards/drawn-blade-p26
ABgRx3S8mk,Dredging Streams,dredging-streams,dredging-streams-p26,P26,Promotional 2026,036,6,default,/cards/images/ABgRx3S8mk.jpg,https://index.gatcg.com/cards/dredging-streams-p26
Fg0YhviDoq,Drenching Finish,drenching-finish,drenching-finish-p26,P26,Promotional 2026,037,6,default,/cards/images/Fg0YhviDoq.jpg,https://index.gatcg.com/cards/drenching-finish-p26
117z0aCJUo,Ducal Seal,ducal-seal,ducal-seal-p26,P26,Promotional 2026,007,6,default,/cards/images/117z0aCJUo.jpg,https://index.gatcg.com/cards/ducal-seal-p26
DPCwux65kJ,Dummy Trainer,dummy-trainer,dummy-trainer-p26,P26,Promotional 2026,038,6,default,/cards/images/DPCwux65kJ.jpg,https://index.gatcg.com/cards/dummy-trainer-p26
1RzVHfDBNc,Dungeon Guide,dungeon-guide,dungeon-guide-p26,P26,Promotional 2026,033,6,default,/cards/images/1RzVHfDBNc.jpg,https://index.gatcg.com/cards/dungeon-guide-p26
h3eTmElEIq,Escape the Wreckage,escape-the-wreckage,escape-the-wreckage-p26,P26,Promotional 2026,015,6,default,/cards/images/h3eTmElEIq.jpg,https://index.gatcg.com/cards/escape-the-wreckage-p26
07rfk93n6j,Escape the Wreckage,escape-the-wreckage,escape-the-wreckage-p26-cpr,P26,Promotional 2026,015,9,default,/cards/images/07rfk93n6j.jpg,https://index.gatcg.com/cards/escape-the-wreckage-p26-cpr
4nZFNzTkT7,Flawless Spirit of Mordred,flawless-spirit-of-mordred,flawless-spirit-of-mordred-p26,P26,Promotional 2026,039,6,default,/cards/images/4nZFNzTkT7.jpg,https://index.gatcg.com/cards/flawless-spirit-of-mordred-p26
SQcZzeGM7i,Fluffy Shopkeep,fluffy-shopkeep,fluffy-shopkeep-p26-cpr,P26,Promotional 2026,013,9,default,/cards/images/SQcZzeGM7i.jpg,https://index.gatcg.com/cards/fluffy-shopkeep-p26-cpr
dVC6E7Uxqc,Freezing Hail,freezing-hail,freezing-hail-p26,P26,Promotional 2026,040,6,default,/cards/images/dVC6E7Uxqc.jpg,https://index.gatcg.com/cards/freezing-hail-p26
Om0KNdOp0V,Frostbind,frostbind,frostbind-p26,P26,Promotional 2026,041,6,default,/cards/images/Om0KNdOp0V.jpg,https://index.gatcg.com/cards/frostbind-p26
WAdia3wfjC,"Gildas, Faesworn Monarch",gildas-faesworn-monarch,gildas-faesworn-monarch-p26,P26,Promotional 2026,042,6,default,/cards/images/WAdia3wfjC.jpg,https://index.gatcg.com/cards/gildas-faesworn-monarch-p26
TsCNSOJcI5,Glacial Evocation,glacial-evocation,glacial-evocation-p26,P26,Promotional 2026,028,6,default,/cards/images/TsCNSOJcI5.jpg,https://index.gatcg.com/cards/glacial-evocation-p26
D3ok7tq33m,Guarded Dissipation,guarded-dissipation,guarded-dissipation-p26,P26,Promotional 2026,016,6,default,/cards/images/D3ok7tq33m.jpg,https://index.gatcg.com/cards/guarded-dissipation-p26
4OlXas1OlS,Guarded Dissipation,guarded-dissipation,guarded-dissipation-p26-cpr,P26,Promotional 2026,016,9,default,/cards/images/4OlXas1OlS.jpg,https://index.gatcg.com/cards/guarded-dissipation-p26-cpr
D64G2bhWpI,Icebound Slam,icebound-slam,icebound-slam-p26-cpr,P26,Promotional 2026,065,9,default,/cards/images/D64G2bhWpI.jpg,https://index.gatcg.com/cards/icebound-slam-p26-cpr
BCLp1dlDJ2,Infinite Scintillation,infinite-scintillation,infinite-scintillation-p26-cpr,P26,Promotional 2026,026,9,default,/cards/images/BCLp1dlDJ2.jpg,https://index.gatcg.com/cards/infinite-scintillation-p26-cpr
slFc5Zt1PU,Inspiring Call,inspiring-call,inspiring-call-p26,P26,Promotional 2026,043,6,default,/cards/images/slFc5Zt1PU.jpg,https://index.gatcg.com/cards/inspiring-call-p26
dtvZY1i8Ir,Invigorated Slash,invigorated-slash,invigorated-slash-p26,P26,Promotional 2026,044,6,default,/cards/images/dtvZY1i8Ir.jpg,https://index.gatcg.com/cards/invigorated-slash-p26
v1Ld2vJovh,Lakereaving Chill,lakereaving-chill,lakereaving-chill-p26,P26,Promotional 2026,045,6,default,/cards/images/v1Ld2vJovh.jpg,https://index.gatcg.com/cards/lakereaving-chill-p26
lvkB3SB8Ws,Luminescent Slash,luminescent-slash,luminescent-slash-p26,P26,Promotional 2026,046,6,default,/cards/images/lvkB3SB8Ws.jpg,https://index.gatcg.com/cards/luminescent-slash-p26
VOdJNOGXpZ,Mirrordepth's Blade,mirrordepths-blade,mirrordepths-blade-p26,P26,Promotional 2026,047,6,default,/cards/images/VOdJNOGXpZ.jpg,https://index.gatcg.com/cards/mirrordepths-blade-p26
TSybxZP2Iq,"Mordred, Aurelian Regent",mordred-aurelian-regent,mordred-aurelian-regent-p26,P26,Promotional 2026,048,6,default,/cards/images/TSybxZP2Iq.jpg,https://index.gatcg.com/cards/mordred-aurelian-regent-p26
qISyV3HTOM,"Mordred, Burnished Avenger",mordred-burnished-avenger,mordred-burnished-avenger-p26,P26,Promotional 2026,049,6,default,/cards/images/qISyV3HTOM.jpg,https://index.gatcg.com/cards/mordred-burnished-avenger-p26
gFPi2vF08J,"Mordred, Fated Luminary",mordred-fated-luminary,mordred-fated-luminary-p26,P26,Promotional 2026,050,6,default,/cards/images/gFPi2vF08J.jpg,https://index.gatcg.com/cards/mordred-fated-luminary-p26
FJSmoLZ1dh,Mystic Purifier,mystic-purifier,mystic-purifier-p26,P26,Promotional 2026,004,6,default,/cards/images/FJSmoLZ1dh.jpg,https://index.gatcg.com/cards/mystic-purifier-p26
j1uctXPlHY,Mystic Purifier,mystic-purifier,mystic-purifier-p26-cpr,P26,Promotional 2026,004,9,default,/cards/images/j1uctXPlHY.jpg,https://index.gatcg.com/cards/mystic-purifier-p26-cpr
5DZyldzouU,Necklace of Foresight,necklace-of-foresight,necklace-of-foresight-p26,P26,Promotional 2026,002,6,default,/cards/images/5DZyldzouU.jpg,https://index.gatcg.com/cards/necklace-of-foresight-p26
L2Lx6JbMtO,Nullifying Mirror,nullifying-mirror,nullifying-mirror-p26-cpr,P26,Promotional 2026,025,9,default,/cards/images/L2Lx6JbMtO.jpg,https://index.gatcg.com/cards/nullifying-mirror-p26-cpr
ia7lyOsgQt,Peer Beyond,peer-beyond,peer-beyond-p26,P26,Promotional 2026,064,6,default,/cards/images/ia7lyOsgQt.jpg,https://index.gatcg.com/cards/peer-beyond-p26
OrTzXJA5Iz,Planted Explosive,planted-explosive,planted-explosive-p26,P26,Promotional 2026,023,6,default,/cards/images/OrTzXJA5Iz.jpg,https://index.gatcg.com/cards/planted-explosive-p26
emOfLN1FIr,Regulus Blitz,regulus-blitz,regulus-blitz-p26,P26,Promotional 2026,051,6,default,/cards/images/emOfLN1FIr.jpg,https://index.gatcg.com/cards/regulus-blitz-p26
HzIrkcpOub,"Rhongomiant, Grove's Spire",rhongomiant-groves-spire,rhongomiant-groves-spire-p26,P26,Promotional 2026,052,6,default,/cards/images/HzIrkcpOub.jpg,https://index.gatcg.com/cards/rhongomiant-groves-spire-p26
MbBVjY8UJV,Safeguard Amulet,safeguard-amulet,safeguard-amulet-p26,P26,Promotional 2026,053,6,default,/cards/images/MbBVjY8UJV.jpg,https://index.gatcg.com/cards/safeguard-amulet-p26
HM9NcnQL8y,Safeguard Paragon,safeguard-paragon,safeguard-paragon-p26,P26,Promotional 2026,054,6,default,/cards/images/HM9NcnQL8y.jpg,https://index.gatcg.com/cards/safeguard-paragon-p26
ZwxXH9kn23,Savage Slash,savage-slash,savage-slash-p26,P26,Promotional 2026,055,6,default,/cards/images/ZwxXH9kn23.jpg,https://index.gatcg.com/cards/savage-slash-p26
RFINvlDt94,Scout the Land,scout-the-land,scout-the-land-p26,P26,Promotional 2026,017,6,default,/cards/images/RFINvlDt94.jpg,https://index.gatcg.com/cards/scout-the-land-p26
yV22NGZrLv,Scout the Land,scout-the-land,scout-the-land-p26-cpr,P26,Promotional 2026,017,9,default,/cards/images/yV22NGZrLv.jpg,https://index.gatcg.com/cards/scout-the-land-p26-cpr
phZSqzGtNr,Seiryuu's Command,seiryuus-command,seiryuus-command-p26,P26,Promotional 2026,022,6,default,/cards/images/phZSqzGtNr.jpg,https://index.gatcg.com/cards/seiryuus-command-p26
syK8jcXoZS,Seiryuu's Command,seiryuus-command,seiryuus-command-p26-cpr,P26,Promotional 2026,022,9,default,/cards/images/syK8jcXoZS.jpg,https://index.gatcg.com/cards/seiryuus-command-p26-cpr
HLaWd7Rz8h,Striking Tides,striking-tides,striking-tides-p26,P26,Promotional 2026,056,6,default,/cards/images/HLaWd7Rz8h.jpg,https://index.gatcg.com/cards/striking-tides-p26
cvT1tceyLy,Sudden Steel,sudden-steel,sudden-steel-p26,P26,Promotional 2026,057,6,default,/cards/images/cvT1tceyLy.jpg,https://index.gatcg.com/cards/sudden-steel-p26
ar63QzO4et,Sword of Seeking,sword-of-seeking,sword-of-seeking-p26,P26,Promotional 2026,058,6,default,/cards/images/ar63QzO4et.jpg,https://index.gatcg.com/cards/sword-of-seeking-p26
x0MKei1gZ3,Tabula of Salvage,tabula-of-salvage,tabula-of-salvage-p26,P26,Promotional 2026,031,6,default,/cards/images/x0MKei1gZ3.jpg,https://index.gatcg.com/cards/tabula-of-salvage-p26
6uwIlU6i17,Tariff Ring,tariff-ring,tariff-ring-p26,P26,Promotional 2026,059,6,default,/cards/images/6uwIlU6i17.jpg,https://index.gatcg.com/cards/tariff-ring-p26
ux7V6NILkj,Three of Hearts,three-of-hearts,three-of-hearts-p26-cpr,P26,Promotional 2026,003,9,default,/cards/images/ux7V6NILkj.jpg,https://index.gatcg.com/cards/three-of-hearts-p26-cpr
yLecVBd7Up,Tomb Sweep,tomb-sweep,tomb-sweep-p26,P26,Promotional 2026,020,6,default,/cards/images/yLecVBd7Up.jpg,https://index.gatcg.com/cards/tomb-sweep-p26
fA6rC5bU8e,Training Dummy,training-dummy,training-dummy-p26,P26,Promotional 2026,060,6,default,/cards/images/fA6rC5bU8e.jpg,https://index.gatcg.com/cards/training-dummy-p26
tlTsnFNlat,Transcendental Rite,transcendental-rite,transcendental-rite-p26-cpr,P26,Promotional 2026,000,9,default,/cards/images/tlTsnFNlat.jpg,https://index.gatcg.com/cards/transcendental-rite-p26-cpr
tAmvDt1BxW,Trickster of the Fae Realm,trickster-of-the-fae-realm,trickster-of-the-fae-realm-p26,P26,Promotional 2026,061,6,default,/cards/images/tAmvDt1BxW.jpg,https://index.gatcg.com/cards/trickster-of-the-fae-realm-p26
UJPc5GTRwa,"Tristan, Ascendant Shadow",tristan-ascendant-shadow,tristan-ascendant-shadow-p26,P26,Promotional 2026,001,6,default,/cards/images/UJPc5GTRwa.jpg,https://index.gatcg.com/cards/tristan-ascendant-shadow-p26
dIkLGC8vE7,"Tristan, Ascendant Shadow",tristan-ascendant-shadow,tristan-ascendant-shadow-p26-cpr,P26,Promotional 2026,001,9,default,/cards/images/dIkLGC8vE7.jpg,https://index.gatcg.com/cards/tristan-ascendant-shadow-p26-cpr
Zz8Gwi9qGw,Trump Set,trump-set,trump-set-p26,P26,Promotional 2026,019,6,default,/cards/images/Zz8Gwi9qGw.jpg,https://index.gatcg.com/cards/trump-set-p26
jn70csc6cE,Vermilion Decree,vermilion-decree,vermilion-decree-p26,P26,Promotional 2026,018,6,default,/cards/images/jn70csc6cE.jpg,https://index.gatcg.com/cards/vermilion-decree-p26
H0F6tYvjSX,Vermilion Decree,vermilion-decree,vermilion-decree-p26-cpr,P26,Promotional 2026,018,9,default,/cards/images/H0F6tYvjSX.jpg,https://index.gatcg.com/cards/vermilion-decree-p26-cpr
ZHeo8x6Y0N,Warrior of the Fae Realm,warrior-of-the-fae-realm,warrior-of-the-fae-realm-p26,P26,Promotional 2026,062,6,default,/cards/images/ZHeo8x6Y0N.jpg,https://index.gatcg.com/cards/warrior-of-the-fae-realm-p26
CXQI1C2r5n,Altruistic Blacksmith,altruistic-blacksmith,altruistic-blacksmith-pp1,PP1,Pantheon Pack 1,001,6,default,/cards/images/CXQI1C2r5n.jpg,https://index.gatcg.com/cards/altruistic-blacksmith-pp1
oLUKamrH41,Animal Encounter,animal-encounter,animal-encounter-pp1,PP1,Pantheon Pack 1,002,6,default,/cards/images/oLUKamrH41.jpg,https://index.gatcg.com/cards/animal-encounter-pp1
TAAo7ezEDG,Beckon Attention,beckon-attention,beckon-attention-pp1,PP1,Pantheon Pack 1,003,6,default,/cards/images/TAAo7ezEDG.jpg,https://index.gatcg.com/cards/beckon-attention-pp1
mTYAdqJHha,Buoyant Driftguard,buoyant-driftguard,buoyant-driftguard-pp1,PP1,Pantheon Pack 1,004,6,default,/cards/images/mTYAdqJHha.jpg,https://index.gatcg.com/cards/buoyant-driftguard-pp1
8Oh8fk3ycZ,Charm of Anticipation,charm-of-anticipation,charm-of-anticipation-pp1,PP1,Pantheon Pack 1,005,6,default,/cards/images/8Oh8fk3ycZ.jpg,https://index.gatcg.com/cards/charm-of-anticipation-pp1
U9ijSmncd4,Cheap Sword,cheap-sword,cheap-sword-pp1,PP1,Pantheon Pack 1,006,6,default,/cards/images/U9ijSmncd4.jpg,https://index.gatcg.com/cards/cheap-sword-pp1
17lE16nG4F,Cheerful Slime,cheerful-slime,cheerful-slime-pp1,PP1,Pantheon Pack 1,007,6,default,/cards/images/17lE16nG4F.jpg,https://index.gatcg.com/cards/cheerful-slime-pp1
tNsGulxunx,Covert Manipulator,covert-manipulator,covert-manipulator-pp1,PP1,Pantheon Pack 1,008,6,default,/cards/images/tNsGulxunx.jpg,https://index.gatcg.com/cards/covert-manipulator-pp1
Ab4yCiQKNY,Crowd's Favor,crowds-favor,crowds-favor-pp1,PP1,Pantheon Pack 1,009,6,default,/cards/images/Ab4yCiQKNY.jpg,https://index.gatcg.com/cards/crowds-favor-pp1
uOyoArhz7O,Greater Boon of Astraeus,greater-boon-of-astraeus,greater-boon-of-astraeus-pp1,PP1,Pantheon Pack 1,010,6,default,/cards/images/uOyoArhz7O.jpg,https://index.gatcg.com/cards/greater-boon-of-astraeus-pp1
4iFt0OISOL,Greater Boon of Detachment,greater-boon-of-detachment,greater-boon-of-detachment-pp1,PP1,Pantheon Pack 1,011,6,default,/cards/images/4iFt0OISOL.jpg,https://index.gatcg.com/cards/greater-boon-of-detachment-pp1
ueNrr3mNoM,Greater Boon of Dux,greater-boon-of-dux,greater-boon-of-dux-pp1,PP1,Pantheon Pack 1,012,6,default,/cards/images/ueNrr3mNoM.jpg,https://index.gatcg.com/cards/greater-boon-of-dux-pp1
S5rJxVpvkN,Greater Boon of Enki,greater-boon-of-enki,greater-boon-of-enki-pp1,PP1,Pantheon Pack 1,013,6,default,/cards/images/S5rJxVpvkN.jpg,https://index.gatcg.com/cards/greater-boon-of-enki-pp1
ghwfZhQrfG,Greater Boon of Horses,greater-boon-of-horses,greater-boon-of-horses-pp1,PP1,Pantheon Pack 1,014,6,default,/cards/images/ghwfZhQrfG.jpg,https://index.gatcg.com/cards/greater-boon-of-horses-pp1
EA8sfSmWDC,Greater Boon of Inari,greater-boon-of-inari,greater-boon-of-inari-pp1,PP1,Pantheon Pack 1,015,6,default,/cards/images/EA8sfSmWDC.jpg,https://index.gatcg.com/cards/greater-boon-of-inari-pp1
CSwz5ZXm1N,Greater Boon of Isis,greater-boon-of-isis,greater-boon-of-isis-pp1,PP1,Pantheon Pack 1,016,6,default,/cards/images/CSwz5ZXm1N.jpg,https://index.gatcg.com/cards/greater-boon-of-isis-pp1
gF2orxI6QQ,Greater Boon of Kanaloa,greater-boon-of-kanaloa,greater-boon-of-kanaloa-pp1,PP1,Pantheon Pack 1,017,6,default,/cards/images/gF2orxI6QQ.jpg,https://index.gatcg.com/cards/greater-boon-of-kanaloa-pp1
L6RaqH4SJt,Greater Boon of Luxera,greater-boon-of-luxera,greater-boon-of-luxera-pp1,PP1,Pantheon Pack 1,018,6,default,/cards/images/L6RaqH4SJt.jpg,https://index.gatcg.com/cards/greater-boon-of-luxera-pp1
X8iHsVDQfc,Greater Boon of Parvati,greater-boon-of-parvati,greater-boon-of-parvati-pp1,PP1,Pantheon Pack 1,019,6,default,/cards/images/X8iHsVDQfc.jpg,https://index.gatcg.com/cards/greater-boon-of-parvati-pp1
kPALmJqPiE,Greater Boon of Shou,greater-boon-of-shou,greater-boon-of-shou-pp1,PP1,Pantheon Pack 1,020,6,default,/cards/images/kPALmJqPiE.jpg,https://index.gatcg.com/cards/greater-boon-of-shou-pp1
JIU7jBIpwc,Greater Boon of Vritra,greater-boon-of-vritra,greater-boon-of-vritra-pp1,PP1,Pantheon Pack 1,022,6,default,/cards/images/JIU7jBIpwc.jpg,https://index.gatcg.com/cards/greater-boon-of-vritra-pp1
MJJtxzde1z,Greater Boon of the Underdog,greater-boon-of-the-underdog,greater-boon-of-the-underdog-pp1,PP1,Pantheon Pack 1,021,6,default,/cards/images/MJJtxzde1z.jpg,https://index.gatcg.com/cards/greater-boon-of-the-underdog-pp1
i5bdO0dQAz,Lesser Boon of Agni,lesser-boon-of-agni,lesser-boon-of-agni-pp1,PP1,Pantheon Pack 1,023,6,default,/cards/images/i5bdO0dQAz.jpg,https://index.gatcg.com/cards/lesser-boon-of-agni-pp1
Me77ORtD2L,Lesser Boon of Allurement,lesser-boon-of-allurement,lesser-boon-of-allurement-pp1,PP1,Pantheon Pack 1,024,6,default,/cards/images/Me77ORtD2L.jpg,https://index.gatcg.com/cards/lesser-boon-of-allurement-pp1
uzXPHASGly,Lesser Boon of Apollo,lesser-boon-of-apollo,lesser-boon-of-apollo-pp1,PP1,Pantheon Pack 1,025,6,default,/cards/images/uzXPHASGly.jpg,https://index.gatcg.com/cards/lesser-boon-of-apollo-pp1
P9O0HRI4MN,Lesser Boon of Artemis,lesser-boon-of-artemis,lesser-boon-of-artemis-pp1,PP1,Pantheon Pack 1,026,6,default,/cards/images/P9O0HRI4MN.jpg,https://index.gatcg.com/cards/lesser-boon-of-artemis-pp1
ATv5uVMJKC,Lesser Boon of Astraeus,lesser-boon-of-astraeus,lesser-boon-of-astraeus-pp1,PP1,Pantheon Pack 1,027,6,default,/cards/images/ATv5uVMJKC.jpg,https://index.gatcg.com/cards/lesser-boon-of-astraeus-pp1
iues6SdPNc,Lesser Boon of Awilix,lesser-boon-of-awilix,lesser-boon-of-awilix-pp1,PP1,Pantheon Pack 1,028,6,default,/cards/images/iues6SdPNc.jpg,https://index.gatcg.com/cards/lesser-boon-of-awilix-pp1
0KS9akDPTK,Lesser Boon of Bullets,lesser-boon-of-bullets,lesser-boon-of-bullets-pp1,PP1,Pantheon Pack 1,029,6,default,/cards/images/0KS9akDPTK.jpg,https://index.gatcg.com/cards/lesser-boon-of-bullets-pp1
0HDyJw2CMI,Lesser Boon of Distance,lesser-boon-of-distance,lesser-boon-of-distance-pp1,PP1,Pantheon Pack 1,030,6,default,/cards/images/0HDyJw2CMI.jpg,https://index.gatcg.com/cards/lesser-boon-of-distance-pp1
pvogycBex4,Lesser Boon of Dux,lesser-boon-of-dux,lesser-boon-of-dux-pp1,PP1,Pantheon Pack 1,031,6,default,/cards/images/pvogycBex4.jpg,https://index.gatcg.com/cards/lesser-boon-of-dux-pp1
LQnGYMQT5e,Lesser Boon of Enchantment,lesser-boon-of-enchantment,lesser-boon-of-enchantment-pp1,PP1,Pantheon Pack 1,032,6,default,/cards/images/LQnGYMQT5e.jpg,https://index.gatcg.com/cards/lesser-boon-of-enchantment-pp1
hTG1Iqu5fI,Lesser Boon of Etherealys,lesser-boon-of-etherealys,lesser-boon-of-etherealys-pp1,PP1,Pantheon Pack 1,033,6,default,/cards/images/hTG1Iqu5fI.jpg,https://index.gatcg.com/cards/lesser-boon-of-etherealys-pp1
d8p8JxFmB5,Lesser Boon of Fauna,lesser-boon-of-fauna,lesser-boon-of-fauna-pp1,PP1,Pantheon Pack 1,034,6,default,/cards/images/d8p8JxFmB5.jpg,https://index.gatcg.com/cards/lesser-boon-of-fauna-pp1
FAhzE4YDvg,Lesser Boon of Isis,lesser-boon-of-isis,lesser-boon-of-isis-pp1,PP1,Pantheon Pack 1,035,6,default,/cards/images/FAhzE4YDvg.jpg,https://index.gatcg.com/cards/lesser-boon-of-isis-pp1
oaAHkH1JLA,Lesser Boon of Kanaloa,lesser-boon-of-kanaloa,lesser-boon-of-kanaloa-pp1,PP1,Pantheon Pack 1,036,6,default,/cards/images/oaAHkH1JLA.jpg,https://index.gatcg.com/cards/lesser-boon-of-kanaloa-pp1
9WdFFHRNBV,Lesser Boon of Knox,lesser-boon-of-knox,lesser-boon-of-knox-pp1,PP1,Pantheon Pack 1,037,6,default,/cards/images/9WdFFHRNBV.jpg,https://index.gatcg.com/cards/lesser-boon-of-knox-pp1
UBFN5My8K5,Lesser Boon of Notus,lesser-boon-of-notus,lesser-boon-of-notus-pp1,PP1,Pantheon Pack 1,038,6,default,/cards/images/UBFN5My8K5.jpg,https://index.gatcg.com/cards/lesser-boon-of-notus-pp1
oJKa8OP6vb,Lesser Boon of Nuwa,lesser-boon-of-nuwa,lesser-boon-of-nuwa-pp1,PP1,Pantheon Pack 1,039,6,default,/cards/images/oJKa8OP6vb.jpg,https://index.gatcg.com/cards/lesser-boon-of-nuwa-pp1
qClw0ZTQxo,Lesser Boon of Odysseus,lesser-boon-of-odysseus,lesser-boon-of-odysseus-pp1,PP1,Pantheon Pack 1,040,6,default,/cards/images/qClw0ZTQxo.jpg,https://index.gatcg.com/cards/lesser-boon-of-odysseus-pp1
qaX0sPGboV,Lesser Boon of Ozymandias,lesser-boon-of-ozymandias,lesser-boon-of-ozymandias-pp1,PP1,Pantheon Pack 1,041,6,default,/cards/images/qaX0sPGboV.jpg,https://index.gatcg.com/cards/lesser-boon-of-ozymandias-pp1
ynJsJLHAAa,Lesser Boon of Parvati,lesser-boon-of-parvati,lesser-boon-of-parvati-pp1,PP1,Pantheon Pack 1,042,6,default,/cards/images/ynJsJLHAAa.jpg,https://index.gatcg.com/cards/lesser-boon-of-parvati-pp1
xvkk2p4C7u,Lesser Boon of Poseidon,lesser-boon-of-poseidon,lesser-boon-of-poseidon-pp1,PP1,Pantheon Pack 1,043,6,default,/cards/images/xvkk2p4C7u.jpg,https://index.gatcg.com/cards/lesser-boon-of-poseidon-pp1
QJQzAP9XYs,Lesser Boon of Pulousa,lesser-boon-of-pulousa,lesser-boon-of-pulousa-pp1,PP1,Pantheon Pack 1,044,6,default,/cards/images/QJQzAP9XYs.jpg,https://index.gatcg.com/cards/lesser-boon-of-pulousa-pp1
TlDlRpvV5Y,Lesser Boon of Rakko,lesser-boon-of-rakko,lesser-boon-of-rakko-pp1,PP1,Pantheon Pack 1,045,6,default,/cards/images/TlDlRpvV5Y.jpg,https://index.gatcg.com/cards/lesser-boon-of-rakko-pp1
Nk59yqVgTE,Lesser Boon of Regret,lesser-boon-of-regret,lesser-boon-of-regret-pp1,PP1,Pantheon Pack 1,046,6,default,/cards/images/Nk59yqVgTE.jpg,https://index.gatcg.com/cards/lesser-boon-of-regret-pp1
EEmHjzF9Yc,Lesser Boon of Revelry,lesser-boon-of-revelry,lesser-boon-of-revelry-pp1,PP1,Pantheon Pack 1,047,6,default,/cards/images/EEmHjzF9Yc.jpg,https://index.gatcg.com/cards/lesser-boon-of-revelry-pp1
i9enkm4Rgq,Lesser Boon of Rosen,lesser-boon-of-rosen,lesser-boon-of-rosen-pp1,PP1,Pantheon Pack 1,048,6,default,/cards/images/i9enkm4Rgq.jpg,https://index.gatcg.com/cards/lesser-boon-of-rosen-pp1
UD17Kja8UF,Lesser Boon of Scriveners,lesser-boon-of-scriveners,lesser-boon-of-scriveners-pp1,PP1,Pantheon Pack 1,049,6,default,/cards/images/UD17Kja8UF.jpg,https://index.gatcg.com/cards/lesser-boon-of-scriveners-pp1
Qkxq6yKq5d,Lesser Boon of Shou,lesser-boon-of-shou,lesser-boon-of-shou-pp1,PP1,Pantheon Pack 1,050,6,default,/cards/images/Qkxq6yKq5d.jpg,https://index.gatcg.com/cards/lesser-boon-of-shou-pp1
DiuVG2B5Qg,Lesser Boon of Territories,lesser-boon-of-territories,lesser-boon-of-territories-pp1,PP1,Pantheon Pack 1,051,6,default,/cards/images/DiuVG2B5Qg.jpg,https://index.gatcg.com/cards/lesser-boon-of-territories-pp1
PsWlKU8F9Z,Lesser Boon of Time's Passage,lesser-boon-of-times-passage,lesser-boon-of-times-passage-pp1,PP1,Pantheon Pack 1,052,6,default,/cards/images/PsWlKU8F9Z.jpg,https://index.gatcg.com/cards/lesser-boon-of-times-passage-pp1
M9f6jMM8MS,Lesser Boon of Veilara,lesser-boon-of-veilara,lesser-boon-of-veilara-pp1,PP1,Pantheon Pack 1,053,6,default,/cards/images/M9f6jMM8MS.jpg,https://index.gatcg.com/cards/lesser-boon-of-veilara-pp1
I5h12yZe87,Lesser Boon of Viscosity,lesser-boon-of-viscosity,lesser-boon-of-viscosity-pp1,PP1,Pantheon Pack 1,054,6,default,/cards/images/I5h12yZe87.jpg,https://index.gatcg.com/cards/lesser-boon-of-viscosity-pp1
yp1zIuZinj,Lesser Boon of Vritra,lesser-boon-of-vritra,lesser-boon-of-vritra-pp1,PP1,Pantheon Pack 1,055,6,default,/cards/images/yp1zIuZinj.jpg,https://index.gatcg.com/cards/lesser-boon-of-vritra-pp1
4wsRDk0OOz,Lesser Boon of Zerusa,lesser-boon-of-zerusa,lesser-boon-of-zerusa-pp1,PP1,Pantheon Pack 1,056,6,default,/cards/images/4wsRDk0OOz.jpg,https://index.gatcg.com/cards/lesser-boon-of-zerusa-pp1
VTPfo1Sj8X,Mendcall Mercy,mendcall-mercy,mendcall-mercy-pp1,PP1,Pantheon Pack 1,057,6,default,/cards/images/VTPfo1Sj8X.jpg,https://index.gatcg.com/cards/mendcall-mercy-pp1
Y2b5VgK3xh,Ovation Guide,ovation-guide,ovation-guide-pp1,PP1,Pantheon Pack 1,058,6,default,/cards/images/Y2b5VgK3xh.jpg,https://index.gatcg.com/cards/ovation-guide-pp1
T8BELlORCd,Pantheon Barrier,pantheon-barrier,pantheon-barrier-pp1,PP1,Pantheon Pack 1,059,6,default,/cards/images/T8BELlORCd.jpg,https://index.gatcg.com/cards/pantheon-barrier-pp1
cs5H8WZ0P5,Pantheon Barrier,pantheon-barrier,pantheon-barrier-pp1-cpr-b,PP1,Pantheon Pack 1,059B,9,default,/cards/images/cs5H8WZ0P5.jpg,https://index.gatcg.com/cards/pantheon-barrier-pp1-cpr-b
LeVmCwpGCw,Pantheon Barrier,pantheon-barrier,pantheon-barrier-pp1-cpr-d,PP1,Pantheon Pack 1,059D,9,default,/cards/images/LeVmCwpGCw.jpg,https://index.gatcg.com/cards/pantheon-barrier-pp1-cpr-d
cyURaBP6MV,Pantheon Barrier,pantheon-barrier,pantheon-barrier-pp1-cpr-c,PP1,Pantheon Pack 1,059C,9,default,/cards/images/cyURaBP6MV.jpg,https://index.gatcg.com/cards/pantheon-barrier-pp1-cpr-c
VLsu7v539j,Pantheon Barrier,pantheon-barrier,pantheon-barrier-pp1-cpr-a,PP1,Pantheon Pack 1,059A,9,default,/cards/images/VLsu7v539j.jpg,https://index.gatcg.com/cards/pantheon-barrier-pp1-cpr-a
I7Yk4qblvV,Samaritan's Reach,samaritans-reach,samaritans-reach-pp1,PP1,Pantheon Pack 1,060,6,default,/cards/images/I7Yk4qblvV.jpg,https://index.gatcg.com/cards/samaritans-reach-pp1
D3Fy8Q8wos,Shared Fervor,shared-fervor,shared-fervor-pp1,PP1,Pantheon Pack 1,061,6,default,/cards/images/D3Fy8Q8wos.jpg,https://index.gatcg.com/cards/shared-fervor-pp1
sXi6Bl02aR,Surprise Reveal,surprise-reveal,surprise-reveal-pp1,PP1,Pantheon Pack 1,062,6,default,/cards/images/sXi6Bl02aR.jpg,https://index.gatcg.com/cards/surprise-reveal-pp1
2TJLMp9ava,Tenderheart Guard,tenderheart-guard,tenderheart-guard-pp1,PP1,Pantheon Pack 1,063,6,default,/cards/images/2TJLMp9ava.jpg,https://index.gatcg.com/cards/tenderheart-guard-pp1
dnRKkmZA9e,Unity's Gale,unitys-gale,unitys-gale-pp1,PP1,Pantheon Pack 1,064,6,default,/cards/images/dnRKkmZA9e.jpg,https://index.gatcg.com/cards/unitys-gale-pp1
iT4p6gmz0v,"Clarent, Reimagined",clarent-reimagined,clarent-reimagined-prxy,PRXY,Proxia's Vault,008B,6,default,/cards/images/iT4p6gmz0v.jpg,https://index.gatcg.com/cards/clarent-reimagined-prxy
BrkH547lTP,"Endura, Reimagined",endura-reimagined,endura-reimagined-prxy,PRXY,Proxia's Vault,012,6,default,/cards/images/BrkH547lTP.jpg,https://index.gatcg.com/cards/endura-reimagined-prxy
oleslfovkj,Insignia of the Corhazi,insignia-of-the-corhazi,insignia-of-the-corhazi-prxy,PRXY,Proxia's Vault,003,6,default,/cards/images/oleslfovkj.jpg,https://index.gatcg.com/cards/insignia-of-the-corhazi-prxy
oAyKyw1Kii,Mantle of the Abyss,mantle-of-the-abyss,mantle-of-the-abyss-prxy,PRXY,Proxia's Vault,009B,6,default,/cards/images/oAyKyw1Kii.jpg,https://index.gatcg.com/cards/mantle-of-the-abyss-prxy
zwo2wpz6uu,"Polaris, Twinkling Cauldron",polaris-twinkling-cauldron,polaris-twinkling-cauldron-prxy,PRXY,Proxia's Vault,006B,6,default,/cards/images/zwo2wpz6uu.jpg,https://index.gatcg.com/cards/polaris-twinkling-cauldron-prxy
LbArbNDkAl,"Reciprocity, Dorumegia's Call",reciprocity-dorumegias-call,reciprocity-dorumegias-call-prxy,PRXY,Proxia's Vault,007B,6,default,/cards/images/LbArbNDkAl.jpg,https://index.gatcg.com/cards/reciprocity-dorumegias-call-prxy
Rwe5GZvE4i,"Sablemere, Warden's Grip",sablemere-wardens-grip,sablemere-wardens-grip-prxy,PRXY,Proxia's Vault,010,6,default,/cards/images/Rwe5GZvE4i.jpg,https://index.gatcg.com/cards/sablemere-wardens-grip-prxy
6egq56dkg0,Scepter of Lumina,scepter-of-lumina,scepter-of-lumina-prxy,PRXY,Proxia's Vault,001B,6,default,/cards/images/6egq56dkg0.jpg,https://index.gatcg.com/cards/scepter-of-lumina-prxy
womivs8n48,Stonescale Band,stonescale-band,stonescale-band-prxy,PRXY,Proxia's Vault,002B,6,default,/cards/images/womivs8n48.jpg,https://index.gatcg.com/cards/stonescale-band-prxy
hJb7hcK4Fd,The Duchess's Thornes,the-duchesss-thornes,the-duchesss-thornes-prxy,PRXY,Proxia's Vault,011,6,default,/cards/images/hJb7hcK4Fd.jpg,https://index.gatcg.com/cards/the-duchesss-thornes-prxy
weoin9381Z,Viridian Protective Trinket,viridian-protective-trinket,viridian-protective-trinket-prxy,PRXY,Proxia's Vault,004,6,default,/cards/images/weoin9381Z.jpg,https://index.gatcg.com/cards/viridian-protective-trinket-prxy
SDfn1902xM,"Zander, Deft Executor",zander-deft-executor,zander-deft-executor-prxy,PRXY,Proxia's Vault,005,6,default,/cards/images/SDfn1902xM.jpg,https://index.gatcg.com/cards/zander-deft-executor-prxy
F9L8odk8kt,"Alice, Phantom Monarch",alice-phantom-monarch,alice-phantom-monarch-ptm1e-cur,PTM 1st,Phantom Monarchs First Edition,004,8,default,/cards/images/F9L8odk8kt.jpg,https://index.gatcg.com/cards/alice-phantom-monarch-ptm1e-cur
dmiigIubVp,"Alice, Trifle's Royalty",alice-trifles-royalty,alice-trifles-royalty-rdo,RDO,Radiant Origins,011,4,default,/cards/images/dmiigIubVp.jpg,https://index.gatcg.com/cards/alice-trifles-royalty-rdo
Ue49NzbUep,Spirit of Chess,spirit-of-chess,spirit-of-chess-rdo,RDO,Radiant Origins,001,4,default,/cards/images/Ue49NzbUep.jpg,https://index.gatcg.com/cards/spirit-of-chess-rdo
btkDyHhGNh,"Alice, Trifle's Royalty",alice-trifles-royalty,alice-trifles-royalty-rdo1e-cur,RDO 1st,Radiant Origins First Edition,011,8,default,/cards/images/btkDyHhGNh.jpg,https://index.gatcg.com/cards/alice-trifles-royalty-rdo1e-cur
azqZobLJRe,Arcanist's Prism,arcanists-prism,arcanists-prism-rdoa,RDOA,Radiant Origins: Armaments,001,4,default,/cards/images/azqZobLJRe.jpg,https://index.gatcg.com/cards/arcanists-prism-rdoa
1ktNHXCWZe,Archon Broadsword,archon-broadsword,archon-broadsword-rdoa,RDOA,Radiant Origins: Armaments,002,4,default,/cards/images/1ktNHXCWZe.jpg,https://index.gatcg.com/cards/archon-broadsword-rdoa
jt0NxeCjfl,Caliburn of Silencing,caliburn-of-silencing,caliburn-of-silencing-rdoa,RDOA,Radiant Origins: Armaments,003,4,default,/cards/images/jt0NxeCjfl.jpg,https://index.gatcg.com/cards/caliburn-of-silencing-rdoa
dJRo0hWuae,Crystal of Argus,crystal-of-argus,crystal-of-argus-rdoa,RDOA,Radiant Origins: Armaments,004,4,default,/cards/images/dJRo0hWuae.jpg,https://index.gatcg.com/cards/crystal-of-argus-rdoa
AtsemUvDAa,Eye of Argus,eye-of-argus,eye-of-argus-rdoa,RDOA,Radiant Origins: Armaments,005,4,default,/cards/images/AtsemUvDAa.jpg,https://index.gatcg.com/cards/eye-of-argus-rdoa
W8TEGvmIO3,Horn of Beastcalling,horn-of-beastcalling,horn-of-beastcalling-rdoa,RDOA,Radiant Origins: Armaments,006,4,default,/cards/images/W8TEGvmIO3.jpg,https://index.gatcg.com/cards/horn-of-beastcalling-rdoa
x1OU3zvSTI,Impact Hammer,impact-hammer,impact-hammer-rdoa,RDOA,Radiant Origins: Armaments,007,4,default,/cards/images/x1OU3zvSTI.jpg,https://index.gatcg.com/cards/impact-hammer-rdoa
nPLFXTxwFD,Krustallan Longsword,krustallan-longsword,krustallan-longsword-rdoa,RDOA,Radiant Origins: Armaments,008,4,default,/cards/images/nPLFXTxwFD.jpg,https://index.gatcg.com/cards/krustallan-longsword-rdoa
gMd1HKIz9F,Lunar Conduit,lunar-conduit,lunar-conduit-rdoa,RDOA,Radiant Origins: Armaments,009,4,default,/cards/images/gMd1HKIz9F.jpg,https://index.gatcg.com/cards/lunar-conduit-rdoa
Uusg3Eefi2,Memento Mori,memento-mori,memento-mori-rdoa,RDOA,Radiant Origins: Armaments,010,4,default,/cards/images/Uusg3Eefi2.jpg,https://index.gatcg.com/cards/memento-mori-rdoa
AviOwiWlIl,Mercenary's Blade,mercenarys-blade,mercenarys-blade-rdoa,RDOA,Radiant Origins: Armaments,011,4,default,/cards/images/AviOwiWlIl.jpg,https://index.gatcg.com/cards/mercenarys-blade-rdoa
QiATbkD5Fb,Necklace of Foresight,necklace-of-foresight,necklace-of-foresight-rdoa,RDOA,Radiant Origins: Armaments,012,4,default,/cards/images/QiATbkD5Fb.jpg,https://index.gatcg.com/cards/necklace-of-foresight-rdoa
7XxRHS0ZUn,Portentous Tanggu,portentous-tanggu,portentous-tanggu-rdoa,RDOA,Radiant Origins: Armaments,013,4,default,/cards/images/7XxRHS0ZUn.jpg,https://index.gatcg.com/cards/portentous-tanggu-rdoa
sc0Mf2aCPQ,Prismatic Edge,prismatic-edge,prismatic-edge-rdoa,RDOA,Radiant Origins: Armaments,014,4,default,/cards/images/sc0Mf2aCPQ.jpg,https://index.gatcg.com/cards/prismatic-edge-rdoa
w7pJvr9qtg,Prismspire Scepter,prismspire-scepter,prismspire-scepter-rdoa,RDOA,Radiant Origins: Armaments,015,4,default,/cards/images/w7pJvr9qtg.jpg,https://index.gatcg.com/cards/prismspire-scepter-rdoa
rKhil7lDjh,Seeker's Aetherwing,seekers-aetherwing,seekers-aetherwing-rdoa,RDOA,Radiant Origins: Armaments,016,4,default,/cards/images/rKhil7lDjh.jpg,https://index.gatcg.com/cards/seekers-aetherwing-rdoa
i9VrlS3Wnj,Shuang Ji of Sacrifice,shuang-ji-of-sacrifice,shuang-ji-of-sacrifice-rdoa,RDOA,Radiant Origins: Armaments,017,4,default,/cards/images/i9VrlS3Wnj.jpg,https://index.gatcg.com/cards/shuang-ji-of-sacrifice-rdoa
zXa4AWo18W,Spellward Scepter,spellward-scepter,spellward-scepter-rdoa,RDOA,Radiant Origins: Armaments,018,4,default,/cards/images/zXa4AWo18W.jpg,https://index.gatcg.com/cards/spellward-scepter-rdoa
3Rk6Vhi3Or,Sword Saint's Vow,sword-saints-vow,sword-saints-vow-rdoa,RDOA,Radiant Origins: Armaments,019,4,default,/cards/images/3Rk6Vhi3Or.jpg,https://index.gatcg.com/cards/sword-saints-vow-rdoa
4Zdd22LzyA,Tabula of Salvage,tabula-of-salvage,tabula-of-salvage-rdoa,RDOA,Radiant Origins: Armaments,020,4,default,/cards/images/4Zdd22LzyA.jpg,https://index.gatcg.com/cards/tabula-of-salvage-rdoa
qwr3dl3PDd,Windwalker Boots,windwalker-boots,windwalker-boots-rdoa,RDOA,Radiant Origins: Armaments,021,4,default,/cards/images/qwr3dl3PDd.jpg,https://index.gatcg.com/cards/windwalker-boots-rdoa
QEuNebHu3g,Censer of Restful Peace,censer-of-restful-peace,censer-of-restful-peace-rdoevp,RDOEVP,Radiant Origins Event Pack,021,4,default,/cards/images/QEuNebHu3g.jpg,https://index.gatcg.com/cards/censer-of-restful-peace-rdoevp
xLWsoiaWQs,Eternal Magistrate,eternal-magistrate,eternal-magistrate-rdoevp,RDOEVP,Radiant Origins Event Pack,006,4,default,/cards/images/xLWsoiaWQs.jpg,https://index.gatcg.com/cards/eternal-magistrate-rdoevp
xFojLztqAX,Ghosts of Pendragon,ghosts-of-pendragon,ghosts-of-pendragon-rdoevp,RDOEVP,Radiant Origins Event Pack,012,4,default,/cards/images/xFojLztqAX.jpg,https://index.gatcg.com/cards/ghosts-of-pendragon-rdoevp
lwR2QeWFfc,"Inzali, Unshackled Blaze",inzali-unshackled-blaze,inzali-unshackled-blaze-rdoevp,RDOEVP,Radiant Origins Event Pack,013,4,default,/cards/images/lwR2QeWFfc.jpg,https://index.gatcg.com/cards/inzali-unshackled-blaze-rdoevp
zC0yaj7QQ9,Accepted Contract,accepted-contract,accepted-contract-rdopd,RDOPD,Radiant Origins Pantheon Decks,039,1,default,/cards/images/zC0yaj7QQ9.jpg,https://index.gatcg.com/cards/accepted-contract-rdopd
hWzVMRqvPy,Aesan Protector,aesan-protector,aesan-protector-rdopd,RDOPD,Radiant Origins Pantheon Decks,163,2,default,/cards/images/hWzVMRqvPy.jpg,https://index.gatcg.com/cards/aesan-protector-rdopd
InAoSRoZEn,Alpha Philterbeast,alpha-philterbeast,alpha-philterbeast-rdopd,RDOPD,Radiant Origins Pantheon Decks,040,4,default,/cards/images/InAoSRoZEn.jpg,https://index.gatcg.com/cards/alpha-philterbeast-rdopd
90ZkPeivnh,Altruistic Blacksmith,altruistic-blacksmith,altruistic-blacksmith-rdopd,RDOPD,Radiant Origins Pantheon Decks,041,3,default,/cards/images/90ZkPeivnh.jpg,https://index.gatcg.com/cards/altruistic-blacksmith-rdopd
nXanVGBmRM,Aqua Vitae,aqua-vitae,aqua-vitae-rdopd,RDOPD,Radiant Origins Pantheon Decks,152,2,default,/cards/images/nXanVGBmRM.jpg,https://index.gatcg.com/cards/aqua-vitae-rdopd
0TmpJ2ANJO,Ardent Cloudstriker,ardent-cloudstriker,ardent-cloudstriker-rdopd,RDOPD,Radiant Origins Pantheon Decks,042,2,default,/cards/images/0TmpJ2ANJO.jpg,https://index.gatcg.com/cards/ardent-cloudstriker-rdopd
uyyfg61EiQ,"Arisanna, Astral Zenith",arisanna-astral-zenith,arisanna-astral-zenith-rdopd,RDOPD,Radiant Origins Pantheon Decks,006,1,default,/cards/images/uyyfg61EiQ.jpg,https://index.gatcg.com/cards/arisanna-astral-zenith-rdopd
9UmRdY73XX,"Arisanna, Herbalist Prodigy",arisanna-herbalist-prodigy,arisanna-herbalist-prodigy-rdopd,RDOPD,Radiant Origins Pantheon Decks,004,1,default,/cards/images/9UmRdY73XX.jpg,https://index.gatcg.com/cards/arisanna-herbalist-prodigy-rdopd
9Kn6wgViWO,"Arisanna, Master Alchemist",arisanna-master-alchemist,arisanna-master-alchemist-rdopd,RDOPD,Radiant Origins Pantheon Decks,005,1,default,/cards/images/9Kn6wgViWO.jpg,https://index.gatcg.com/cards/arisanna-master-alchemist-rdopd
0jKSA6tLDw,Assassin's Mantle,assassins-mantle,assassins-mantle-rdopd,RDOPD,Radiant Origins Pantheon Decks,016,3,default,/cards/images/0jKSA6tLDw.jpg,https://index.gatcg.com/cards/assassins-mantle-rdopd
4lhMCPDwMP,Astra Sight,astra-sight,astra-sight-rdopd,RDOPD,Radiant Origins Pantheon Decks,183,2,default,/cards/images/4lhMCPDwMP.jpg,https://index.gatcg.com/cards/astra-sight-rdopd
kwYvqhU96g,Astromech Attendant,astromech-attendant,astromech-attendant-rdopd,RDOPD,Radiant Origins Pantheon Decks,184,4,default,/cards/images/kwYvqhU96g.jpg,https://index.gatcg.com/cards/astromech-attendant-rdopd
mmW5EF5xvS,Attune with the Winds,attune-with-the-winds,attune-with-the-winds-rdopd,RDOPD,Radiant Origins Pantheon Decks,164,3,default,/cards/images/mmW5EF5xvS.jpg,https://index.gatcg.com/cards/attune-with-the-winds-rdopd
uEkGk2rGFM,Banner Knight,banner-knight,banner-knight-rdopd,RDOPD,Radiant Origins Pantheon Decks,043,1,default,/cards/images/uEkGk2rGFM.jpg,https://index.gatcg.com/cards/banner-knight-rdopd
hmgyGTNUqq,Barter Herbs,barter-herbs,barter-herbs-rdopd,RDOPD,Radiant Origins Pantheon Decks,044,1,default,/cards/images/hmgyGTNUqq.jpg,https://index.gatcg.com/cards/barter-herbs-rdopd
97YPfFAlWd,Bathe in Light,bathe-in-light,bathe-in-light-rdopd,RDOPD,Radiant Origins Pantheon Decks,214,3,default,/cards/images/97YPfFAlWd.jpg,https://index.gatcg.com/cards/bathe-in-light-rdopd
pIorMuED0N,Battlefield Benediction,battlefield-benediction,battlefield-benediction-rdopd,RDOPD,Radiant Origins Pantheon Decks,045,1,default,/cards/images/pIorMuED0N.jpg,https://index.gatcg.com/cards/battlefield-benediction-rdopd
9OxDVEpqFX,Beacon Knight,beacon-knight,beacon-knight-rdopd,RDOPD,Radiant Origins Pantheon Decks,199,3,default,/cards/images/9OxDVEpqFX.jpg,https://index.gatcg.com/cards/beacon-knight-rdopd
gIoawWmSSl,Besieged Slash,besieged-slash,besieged-slash-rdopd,RDOPD,Radiant Origins Pantheon Decks,046,1,default,/cards/images/gIoawWmSSl.jpg,https://index.gatcg.com/cards/besieged-slash-rdopd
vMXDdpgXay,Birefringence,birefringence,birefringence-rdopd,RDOPD,Radiant Origins Pantheon Decks,215,3,default,/cards/images/vMXDdpgXay.jpg,https://index.gatcg.com/cards/birefringence-rdopd
ecPTM4A9IS,Blightroot,blightroot,blightroot-rdopd,RDOPD,Radiant Origins Pantheon Decks,047,1,default,/cards/images/ecPTM4A9IS.jpg,https://index.gatcg.com/cards/blightroot-rdopd
ukdi3JO0ml,Bolstering Tempest,bolstering-tempest,bolstering-tempest-rdopd,RDOPD,Radiant Origins Pantheon Decks,165,4,default,/cards/images/ukdi3JO0ml.jpg,https://index.gatcg.com/cards/bolstering-tempest-rdopd
yd79dlDot4,Break Apart,break-apart,break-apart-rdopd-a,RDOPD,Radiant Origins Pantheon Decks,048A,1,default,/cards/images/yd79dlDot4.jpg,https://index.gatcg.com/cards/break-apart-rdopd-a
elaq8Yb4Wl,Buoyant Driftguard,buoyant-driftguard,buoyant-driftguard-rdopd,RDOPD,Radiant Origins Pantheon Decks,153,2,default,/cards/images/elaq8Yb4Wl.jpg,https://index.gatcg.com/cards/buoyant-driftguard-rdopd
w0qTfNvlbm,Celestial Navigation,celestial-navigation,celestial-navigation-rdopd,RDOPD,Radiant Origins Pantheon Decks,185,2,default,/cards/images/w0qTfNvlbm.jpg,https://index.gatcg.com/cards/celestial-navigation-rdopd
4gFDEQVs14,Charm of Anticipation,charm-of-anticipation,charm-of-anticipation-rdopd,RDOPD,Radiant Origins Pantheon Decks,017,3,default,/cards/images/4gFDEQVs14.jpg,https://index.gatcg.com/cards/charm-of-anticipation-rdopd
fcNRPFJZPo,Cheap Sword,cheap-sword,cheap-sword-rdopd,RDOPD,Radiant Origins Pantheon Decks,049,1,default,/cards/images/fcNRPFJZPo.jpg,https://index.gatcg.com/cards/cheap-sword-rdopd
2HnIkW0sQ5,Cleansing Reunion,cleansing-reunion,cleansing-reunion-rdopd,RDOPD,Radiant Origins Pantheon Decks,166,2,default,/cards/images/2HnIkW0sQ5.jpg,https://index.gatcg.com/cards/cleansing-reunion-rdopd
p5cbywiHMw,Cleric Robes,cleric-robes,cleric-robes-rdopd,RDOPD,Radiant Origins Pantheon Decks,018,2,default,/cards/images/p5cbywiHMw.jpg,https://index.gatcg.com/cards/cleric-robes-rdopd
7hevt0s0iH,Clumsy Apprentice,clumsy-apprentice,clumsy-apprentice-rdopd-a,RDOPD,Radiant Origins Pantheon Decks,125A,2,default,/cards/images/7hevt0s0iH.jpg,https://index.gatcg.com/cards/clumsy-apprentice-rdopd-a
xpUYTxUSbj,Cometfall,cometfall,cometfall-rdopd,RDOPD,Radiant Origins Pantheon Decks,186,3,default,/cards/images/xpUYTxUSbj.jpg,https://index.gatcg.com/cards/cometfall-rdopd
ykaYFLByIn,Condensed Supernova,condensed-supernova,condensed-supernova-rdopd,RDOPD,Radiant Origins Pantheon Decks,187,3,default,/cards/images/ykaYFLByIn.jpg,https://index.gatcg.com/cards/condensed-supernova-rdopd
WrZZk2qVDC,Convalescent Tonic,convalescent-tonic,convalescent-tonic-rdopd,RDOPD,Radiant Origins Pantheon Decks,154,1,default,/cards/images/WrZZk2qVDC.jpg,https://index.gatcg.com/cards/convalescent-tonic-rdopd
sfiU58vtDj,Corhazi Arsonist,corhazi-arsonist,corhazi-arsonist-rdopd,RDOPD,Radiant Origins Pantheon Decks,126,2,default,/cards/images/sfiU58vtDj.jpg,https://index.gatcg.com/cards/corhazi-arsonist-rdopd
dRIfjWqwtO,Corhazi Courier,corhazi-courier,corhazi-courier-rdopd,RDOPD,Radiant Origins Pantheon Decks,127,2,default,/cards/images/dRIfjWqwtO.jpg,https://index.gatcg.com/cards/corhazi-courier-rdopd
Y8uMtlXV4T,Corhazi Infiltrator,corhazi-infiltrator,corhazi-infiltrator-rdopd,RDOPD,Radiant Origins Pantheon Decks,216,3,default,/cards/images/Y8uMtlXV4T.jpg,https://index.gatcg.com/cards/corhazi-infiltrator-rdopd
5iyW7XKrJA,Corhazi Lightblade,corhazi-lightblade,corhazi-lightblade-rdopd,RDOPD,Radiant Origins Pantheon Decks,217,2,default,/cards/images/5iyW7XKrJA.jpg,https://index.gatcg.com/cards/corhazi-lightblade-rdopd
6ghqUWK79n,Coronal of Rejuvenation,coronal-of-rejuvenation,coronal-of-rejuvenation-rdopd,RDOPD,Radiant Origins Pantheon Decks,037,4,default,/cards/images/6ghqUWK79n.jpg,https://index.gatcg.com/cards/coronal-of-rejuvenation-rdopd
RU9VouviSy,Cosmic Astroscope,cosmic-astroscope,cosmic-astroscope-rdopd,RDOPD,Radiant Origins Pantheon Decks,032,3,default,/cards/images/RU9VouviSy.jpg,https://index.gatcg.com/cards/cosmic-astroscope-rdopd
38rAJIzJ9i,Cosmic Bolt,cosmic-bolt,cosmic-bolt-rdopd,RDOPD,Radiant Origins Pantheon Decks,188,1,default,/cards/images/38rAJIzJ9i.jpg,https://index.gatcg.com/cards/cosmic-bolt-rdopd
9rZPOUoDIW,Covert Manipulator,covert-manipulator,covert-manipulator-rdopd,RDOPD,Radiant Origins Pantheon Decks,050,3,default,/cards/images/9rZPOUoDIW.jpg,https://index.gatcg.com/cards/covert-manipulator-rdopd
4c7cjJxqBb,Creative Shock,creative-shock,creative-shock-rdopd-a,RDOPD,Radiant Origins Pantheon Decks,128A,1,default,/cards/images/4c7cjJxqBb.jpg,https://index.gatcg.com/cards/creative-shock-rdopd-a
kVEy7IIyVa,Cremation Ritual,cremation-ritual,cremation-ritual-rdopd,RDOPD,Radiant Origins Pantheon Decks,129,1,default,/cards/images/kVEy7IIyVa.jpg,https://index.gatcg.com/cards/cremation-ritual-rdopd
rPU9W4jqgg,Crowd's Favor,crowds-favor,crowds-favor-rdopd,RDOPD,Radiant Origins Pantheon Decks,051,1,default,/cards/images/rPU9W4jqgg.jpg,https://index.gatcg.com/cards/crowds-favor-rdopd
1OrBhyu2kv,Crusader of Aesa,crusader-of-aesa,crusader-of-aesa-rdopd,RDOPD,Radiant Origins Pantheon Decks,052,1,default,/cards/images/1OrBhyu2kv.jpg,https://index.gatcg.com/cards/crusader-of-aesa-rdopd
AfTVzONHZy,Crux Sight,crux-sight,crux-sight-rdopd,RDOPD,Radiant Origins Pantheon Decks,200,2,default,/cards/images/AfTVzONHZy.jpg,https://index.gatcg.com/cards/crux-sight-rdopd
IdOZKPebuE,Cunning Broker,cunning-broker,cunning-broker-rdopd,RDOPD,Radiant Origins Pantheon Decks,053,1,default,/cards/images/IdOZKPebuE.jpg,https://index.gatcg.com/cards/cunning-broker-rdopd
8j24W8swSY,Curved Dagger,curved-dagger,curved-dagger-rdopd,RDOPD,Radiant Origins Pantheon Decks,019,2,default,/cards/images/8j24W8swSY.jpg,https://index.gatcg.com/cards/curved-dagger-rdopd
pqqX4LyXE1,Dazzling Courtesan,dazzling-courtesan,dazzling-courtesan-rdopd,RDOPD,Radiant Origins Pantheon Decks,130,1,default,/cards/images/pqqX4LyXE1.jpg,https://index.gatcg.com/cards/dazzling-courtesan-rdopd
508izkRk4A,Deflecting Edge,deflecting-edge,deflecting-edge-rdopd,RDOPD,Radiant Origins Pantheon Decks,054,1,default,/cards/images/508izkRk4A.jpg,https://index.gatcg.com/cards/deflecting-edge-rdopd
SLDUT8hqpB,Dematerialize,dematerialize,dematerialize-rdopd,RDOPD,Radiant Origins Pantheon Decks,167,1,default,/cards/images/SLDUT8hqpB.jpg,https://index.gatcg.com/cards/dematerialize-rdopd
5LWn70jd66,Disenchant,disenchant,disenchant-rdopd-a,RDOPD,Radiant Origins Pantheon Decks,055A,1,default,/cards/images/5LWn70jd66.jpg,https://index.gatcg.com/cards/disenchant-rdopd-a
2xFCIWX9nJ,Disintegrate,disintegrate,disintegrate-rdopd,RDOPD,Radiant Origins Pantheon Decks,131,3,default,/cards/images/2xFCIWX9nJ.jpg,https://index.gatcg.com/cards/disintegrate-rdopd
qpQiixk1Ua,Disorienting Winds,disorienting-winds,disorienting-winds-rdopd,RDOPD,Radiant Origins Pantheon Decks,168,2,default,/cards/images/qpQiixk1Ua.jpg,https://index.gatcg.com/cards/disorienting-winds-rdopd
b69B01yyBS,Distilled Atrophy,distilled-atrophy,distilled-atrophy-rdopd,RDOPD,Radiant Origins Pantheon Decks,056,3,default,/cards/images/b69B01yyBS.jpg,https://index.gatcg.com/cards/distilled-atrophy-rdopd
wB1j2DiYCn,Distilled Water,distilled-water,distilled-water-rdopd,RDOPD,Radiant Origins Pantheon Decks,057,2,default,/cards/images/wB1j2DiYCn.jpg,https://index.gatcg.com/cards/distilled-water-rdopd
3Zvryu8UOI,Drawn Blade,drawn-blade,drawn-blade-rdopd,RDOPD,Radiant Origins Pantheon Decks,020,3,default,/cards/images/3Zvryu8UOI.jpg,https://index.gatcg.com/cards/drawn-blade-rdopd
V7BvST6aKD,Dwarf Star's Glow,dwarf-stars-glow,dwarf-stars-glow-rdopd,RDOPD,Radiant Origins Pantheon Decks,189,3,default,/cards/images/V7BvST6aKD.jpg,https://index.gatcg.com/cards/dwarf-stars-glow-rdopd
IIqclg1fuX,Elucidate Plans,elucidate-plans,elucidate-plans-rdopd,RDOPD,Radiant Origins Pantheon Decks,218,3,default,/cards/images/IIqclg1fuX.jpg,https://index.gatcg.com/cards/elucidate-plans-rdopd
urZuQBBvXK,"Elyan, Lustre Loyalty",elyan-lustre-loyalty,elyan-lustre-loyalty-rdopd,RDOPD,Radiant Origins Pantheon Decks,219,4,default,/cards/images/urZuQBBvXK.jpg,https://index.gatcg.com/cards/elyan-lustre-loyalty-rdopd
IAUqw0T2An,Empowering Tincture,empowering-tincture,empowering-tincture-rdopd,RDOPD,Radiant Origins Pantheon Decks,058,1,default,/cards/images/IAUqw0T2An.jpg,https://index.gatcg.com/cards/empowering-tincture-rdopd
LqQmAdPRqx,Entrenched Fortress,entrenched-fortress,entrenched-fortress-rdopd,RDOPD,Radiant Origins Pantheon Decks,228,3,default,/cards/images/LqQmAdPRqx.jpg,https://index.gatcg.com/cards/entrenched-fortress-rdopd
ALDAGj67h7,Epochal Conqueror,epochal-conqueror,epochal-conqueror-rdopd,RDOPD,Radiant Origins Pantheon Decks,059,2,default,/cards/images/ALDAGj67h7.jpg,https://index.gatcg.com/cards/epochal-conqueror-rdopd
F5BDDSFC7U,Equinox Hour,equinox-hour,equinox-hour-rdopd,RDOPD,Radiant Origins Pantheon Decks,021,3,default,/cards/images/F5BDDSFC7U.jpg,https://index.gatcg.com/cards/equinox-hour-rdopd
a1aJipLPri,Essence Crucible,essence-crucible,essence-crucible-rdopd,RDOPD,Radiant Origins Pantheon Decks,022,4,default,/cards/images/a1aJipLPri.jpg,https://index.gatcg.com/cards/essence-crucible-rdopd
GPh0NOBiOQ,Essence of Blizzards,essence-of-blizzards,essence-of-blizzards-rdopd,RDOPD,Radiant Origins Pantheon Decks,155,2,default,/cards/images/GPh0NOBiOQ.jpg,https://index.gatcg.com/cards/essence-of-blizzards-rdopd
gafTyFCnDx,Esteemed Knight,esteemed-knight,esteemed-knight-rdopd,RDOPD,Radiant Origins Pantheon Decks,060,1,default,/cards/images/gafTyFCnDx.jpg,https://index.gatcg.com/cards/esteemed-knight-rdopd
lTBBVcsbr7,Everlonging Thorns,everlonging-thorns,everlonging-thorns-rdopd,RDOPD,Radiant Origins Pantheon Decks,229,2,default,/cards/images/lTBBVcsbr7.jpg,https://index.gatcg.com/cards/everlonging-thorns-rdopd
DehOPW6mXC,Exploit Vulnerability,exploit-vulnerability,exploit-vulnerability-rdopd,RDOPD,Radiant Origins Pantheon Decks,061,2,default,/cards/images/DehOPW6mXC.jpg,https://index.gatcg.com/cards/exploit-vulnerability-rdopd
Aw76WKaNpE,Extraction Incision,extraction-incision,extraction-incision-rdopd,RDOPD,Radiant Origins Pantheon Decks,062,2,default,/cards/images/Aw76WKaNpE.jpg,https://index.gatcg.com/cards/extraction-incision-rdopd
vXTHzHELNU,Favorable Winds,favorable-winds,favorable-winds-rdopd,RDOPD,Radiant Origins Pantheon Decks,169,1,default,/cards/images/vXTHzHELNU.jpg,https://index.gatcg.com/cards/favorable-winds-rdopd
8VTFBc4mVH,Fireball,fireball,fireball-rdopd,RDOPD,Radiant Origins Pantheon Decks,132,1,default,/cards/images/8VTFBc4mVH.jpg,https://index.gatcg.com/cards/fireball-rdopd
ZozS843XQ4,Flash Freeze,flash-freeze,flash-freeze-rdopd,RDOPD,Radiant Origins Pantheon Decks,156,2,default,/cards/images/ZozS843XQ4.jpg,https://index.gatcg.com/cards/flash-freeze-rdopd
dropipQuYb,Flourishing Qi,flourishing-qi,flourishing-qi-rdopd,RDOPD,Radiant Origins Pantheon Decks,230,4,default,/cards/images/dropipQuYb.jpg,https://index.gatcg.com/cards/flourishing-qi-rdopd
gEtXmWtoKw,Focused Flames,focused-flames,focused-flames-rdopd,RDOPD,Radiant Origins Pantheon Decks,133,2,default,/cards/images/gEtXmWtoKw.jpg,https://index.gatcg.com/cards/focused-flames-rdopd
vjoY4E79MM,Formidable Youxia,formidable-youxia,formidable-youxia-rdopd,RDOPD,Radiant Origins Pantheon Decks,063,2,default,/cards/images/vjoY4E79MM.jpg,https://index.gatcg.com/cards/formidable-youxia-rdopd
qHLKytTNgl,Fractal of Mana,fractal-of-mana,fractal-of-mana-rdopd,RDOPD,Radiant Origins Pantheon Decks,064,2,default,/cards/images/qHLKytTNgl.jpg,https://index.gatcg.com/cards/fractal-of-mana-rdopd
6OeAaXkbrB,Fraysia,fraysia,fraysia-rdopd,RDOPD,Radiant Origins Pantheon Decks,065,1,default,/cards/images/6OeAaXkbrB.jpg,https://index.gatcg.com/cards/fraysia-rdopd
eIsSK2pDbU,Frostbind,frostbind,frostbind-rdopd,RDOPD,Radiant Origins Pantheon Decks,157,2,default,/cards/images/eIsSK2pDbU.jpg,https://index.gatcg.com/cards/frostbind-rdopd
3w1EUeTrCe,Gem of Searing Flame,gem-of-searing-flame,gem-of-searing-flame-rdopd,RDOPD,Radiant Origins Pantheon Decks,031,3,default,/cards/images/3w1EUeTrCe.jpg,https://index.gatcg.com/cards/gem-of-searing-flame-rdopd
OHAoTzzWr2,Gentle Respite,gentle-respite,gentle-respite-rdopd-a,RDOPD,Radiant Origins Pantheon Decks,066A,2,default,/cards/images/OHAoTzzWr2.jpg,https://index.gatcg.com/cards/gentle-respite-rdopd-a
7iUQzza2V2,Gleaming Cut,gleaming-cut,gleaming-cut-rdopd,RDOPD,Radiant Origins Pantheon Decks,220,2,default,/cards/images/7iUQzza2V2.jpg,https://index.gatcg.com/cards/gleaming-cut-rdopd
knJ3d58KIx,Greater Boon of Enki,greater-boon-of-enki,greater-boon-of-enki-rdopd,RDOPD,Radiant Origins Pantheon Decks,067,4,default,/cards/images/knJ3d58KIx.jpg,https://index.gatcg.com/cards/greater-boon-of-enki-rdopd
OA6yfzn3Sm,Greater Boon of Luxera,greater-boon-of-luxera,greater-boon-of-luxera-rdopd,RDOPD,Radiant Origins Pantheon Decks,068,4,default,/cards/images/OA6yfzn3Sm.jpg,https://index.gatcg.com/cards/greater-boon-of-luxera-rdopd
eILD7Asi8q,Greater Boon of Parvati,greater-boon-of-parvati,greater-boon-of-parvati-rdopd,RDOPD,Radiant Origins Pantheon Decks,069,4,default,/cards/images/eILD7Asi8q.jpg,https://index.gatcg.com/cards/greater-boon-of-parvati-rdopd
8hurTcQJwh,Greater Boon of Shou,greater-boon-of-shou,greater-boon-of-shou-rdopd,RDOPD,Radiant Origins Pantheon Decks,070,4,default,/cards/images/8hurTcQJwh.jpg,https://index.gatcg.com/cards/greater-boon-of-shou-rdopd
lvBsy5c2CV,Guerrilla Advantage,guerrilla-advantage,guerrilla-advantage-rdopd,RDOPD,Radiant Origins Pantheon Decks,071,1,default,/cards/images/lvBsy5c2CV.jpg,https://index.gatcg.com/cards/guerrilla-advantage-rdopd
WvjsmB26r7,Halcyon Animus,halcyon-animus,halcyon-animus-rdopd,RDOPD,Radiant Origins Pantheon Decks,201,3,default,/cards/images/WvjsmB26r7.jpg,https://index.gatcg.com/cards/halcyon-animus-rdopd
LOQ4VbYXrT,Harmonious Mantra,harmonious-mantra,harmonious-mantra-rdopd,RDOPD,Radiant Origins Pantheon Decks,072,2,default,/cards/images/LOQ4VbYXrT.jpg,https://index.gatcg.com/cards/harmonious-mantra-rdopd
xHsOraZD3X,Harvest Herbs,harvest-herbs,harvest-herbs-rdopd,RDOPD,Radiant Origins Pantheon Decks,073,1,default,/cards/images/xHsOraZD3X.jpg,https://index.gatcg.com/cards/harvest-herbs-rdopd
tzydixkH11,Hasty Messenger,hasty-messenger,hasty-messenger-rdopd-a,RDOPD,Radiant Origins Pantheon Decks,134A,2,default,/cards/images/tzydixkH11.jpg,https://index.gatcg.com/cards/hasty-messenger-rdopd-a
iYubIV9mTm,Heighten Spellcraft,heighten-spellcraft,heighten-spellcraft-rdopd,RDOPD,Radiant Origins Pantheon Decks,074,1,default,/cards/images/iYubIV9mTm.jpg,https://index.gatcg.com/cards/heighten-spellcraft-rdopd
PQUXXsXOQr,Hurricane Sweep,hurricane-sweep,hurricane-sweep-rdopd,RDOPD,Radiant Origins Pantheon Decks,170,3,default,/cards/images/PQUXXsXOQr.jpg,https://index.gatcg.com/cards/hurricane-sweep-rdopd
U3tbiRh4zH,Idle Thoughts,idle-thoughts,idle-thoughts-rdopd,RDOPD,Radiant Origins Pantheon Decks,075,1,default,/cards/images/U3tbiRh4zH.jpg,https://index.gatcg.com/cards/idle-thoughts-rdopd
8yw08VwOLE,Immolation Trap,immolation-trap,immolation-trap-rdopd,RDOPD,Radiant Origins Pantheon Decks,135,3,default,/cards/images/8yw08VwOLE.jpg,https://index.gatcg.com/cards/immolation-trap-rdopd
WJe7tqoTk3,Imperial Countermeasure,imperial-countermeasure,imperial-countermeasure-rdopd,RDOPD,Radiant Origins Pantheon Decks,076,2,default,/cards/images/WJe7tqoTk3.jpg,https://index.gatcg.com/cards/imperial-countermeasure-rdopd
tg4Myr6mqJ,Imperial Spy,imperial-spy,imperial-spy-rdopd,RDOPD,Radiant Origins Pantheon Decks,077,1,default,/cards/images/tg4Myr6mqJ.jpg,https://index.gatcg.com/cards/imperial-spy-rdopd
InRjD4EahO,Incapacitate,incapacitate,incapacitate-rdopd,RDOPD,Radiant Origins Pantheon Decks,078,2,default,/cards/images/InRjD4EahO.jpg,https://index.gatcg.com/cards/incapacitate-rdopd
ykCK4K6WXP,Increasing Danger,increasing-danger,increasing-danger-rdopd-a,RDOPD,Radiant Origins Pantheon Decks,136A,1,default,/cards/images/ykCK4K6WXP.jpg,https://index.gatcg.com/cards/increasing-danger-rdopd-a
51iOI8Tuak,Ingredient Pouch,ingredient-pouch,ingredient-pouch-rdopd,RDOPD,Radiant Origins Pantheon Decks,023,2,default,/cards/images/51iOI8Tuak.jpg,https://index.gatcg.com/cards/ingredient-pouch-rdopd
0idCizO0bT,Insignia of the Corhazi,insignia-of-the-corhazi,insignia-of-the-corhazi-rdopd,RDOPD,Radiant Origins Pantheon Decks,035,3,default,/cards/images/0idCizO0bT.jpg,https://index.gatcg.com/cards/insignia-of-the-corhazi-rdopd
BkFkHsUsl5,Inspiring Call,inspiring-call,inspiring-call-rdopd,RDOPD,Radiant Origins Pantheon Decks,079,1,default,/cards/images/BkFkHsUsl5.jpg,https://index.gatcg.com/cards/inspiring-call-rdopd
AXTyA71mhZ,Intangible Geist,intangible-geist,intangible-geist-rdopd,RDOPD,Radiant Origins Pantheon Decks,202,4,default,/cards/images/AXTyA71mhZ.jpg,https://index.gatcg.com/cards/intangible-geist-rdopd
oWfLtuS5e5,Iridescent Resurgence,iridescent-resurgence,iridescent-resurgence-rdopd,RDOPD,Radiant Origins Pantheon Decks,203,2,default,/cards/images/oWfLtuS5e5.jpg,https://index.gatcg.com/cards/iridescent-resurgence-rdopd
3al8jvdHey,Juggle Knives,juggle-knives,juggle-knives-rdopd,RDOPD,Radiant Origins Pantheon Decks,080,1,default,/cards/images/3al8jvdHey.jpg,https://index.gatcg.com/cards/juggle-knives-rdopd
DALCOGJu0U,"Kongming, Ascetic Vice",kongming-ascetic-vice,kongming-ascetic-vice-rdopd,RDOPD,Radiant Origins Pantheon Decks,011,1,default,/cards/images/DALCOGJu0U.jpg,https://index.gatcg.com/cards/kongming-ascetic-vice-rdopd
utggiL2ayS,"Kongming, Wayward Maven",kongming-wayward-maven,kongming-wayward-maven-rdopd,RDOPD,Radiant Origins Pantheon Decks,010,1,default,/cards/images/utggiL2ayS.jpg,https://index.gatcg.com/cards/kongming-wayward-maven-rdopd
wYrmGsNfn3,Krustallan Distiller,krustallan-distiller,krustallan-distiller-rdopd,RDOPD,Radiant Origins Pantheon Decks,158,1,default,/cards/images/wYrmGsNfn3.jpg,https://index.gatcg.com/cards/krustallan-distiller-rdopd
aOGpOgWbfw,Leeching Bolt,leeching-bolt,leeching-bolt-rdopd,RDOPD,Radiant Origins Pantheon Decks,231,2,default,/cards/images/aOGpOgWbfw.jpg,https://index.gatcg.com/cards/leeching-bolt-rdopd
WrXpr8VAbb,Lesser Boon of Parvati,lesser-boon-of-parvati,lesser-boon-of-parvati-rdopd,RDOPD,Radiant Origins Pantheon Decks,081,1,default,/cards/images/WrXpr8VAbb.jpg,https://index.gatcg.com/cards/lesser-boon-of-parvati-rdopd
DbdHDVby21,Lightveil Agent,lightveil-agent,lightveil-agent-rdopd,RDOPD,Radiant Origins Pantheon Decks,221,2,default,/cards/images/DbdHDVby21.jpg,https://index.gatcg.com/cards/lightveil-agent-rdopd
Z5D43FaZyq,Lightweaver's Assault,lightweavers-assault,lightweavers-assault-rdopd,RDOPD,Radiant Origins Pantheon Decks,222,4,default,/cards/images/Z5D43FaZyq.jpg,https://index.gatcg.com/cards/lightweavers-assault-rdopd
0FlQSjoExe,"Lorraine, Blademaster",lorraine-blademaster,lorraine-blademaster-rdopd,RDOPD,Radiant Origins Pantheon Decks,008,1,default,/cards/images/0FlQSjoExe.jpg,https://index.gatcg.com/cards/lorraine-blademaster-rdopd
AyzCVq2vzy,"Lorraine, Wandering Warrior",lorraine-wandering-warrior,lorraine-wandering-warrior-rdopd,RDOPD,Radiant Origins Pantheon Decks,007,1,default,/cards/images/AyzCVq2vzy.jpg,https://index.gatcg.com/cards/lorraine-wandering-warrior-rdopd
gPPM0G44YJ,Lunar Seer,lunar-seer,lunar-seer-rdopd,RDOPD,Radiant Origins Pantheon Decks,190,2,default,/cards/images/gPPM0G44YJ.jpg,https://index.gatcg.com/cards/lunar-seer-rdopd
pLosIIo3Zp,Lurking Assailant,lurking-assailant,lurking-assailant-rdopd,RDOPD,Radiant Origins Pantheon Decks,082,1,default,/cards/images/pLosIIo3Zp.jpg,https://index.gatcg.com/cards/lurking-assailant-rdopd
zM9cYTrVYk,Luxem Sight,luxem-sight,luxem-sight-rdopd,RDOPD,Radiant Origins Pantheon Decks,224,2,default,/cards/images/zM9cYTrVYk.jpg,https://index.gatcg.com/cards/luxem-sight-rdopd
kQyul8dXy8,Manaroot,manaroot,manaroot-rdopd,RDOPD,Radiant Origins Pantheon Decks,083,1,default,/cards/images/kQyul8dXy8.jpg,https://index.gatcg.com/cards/manaroot-rdopd
WK5vRH9gm6,Mark the Target,mark-the-target,mark-the-target-rdopd,RDOPD,Radiant Origins Pantheon Decks,137,1,default,/cards/images/WK5vRH9gm6.jpg,https://index.gatcg.com/cards/mark-the-target-rdopd
fcRpSBNZqS,Meiren of Verdancy,meiren-of-verdancy,meiren-of-verdancy-rdopd,RDOPD,Radiant Origins Pantheon Decks,232,3,default,/cards/images/fcRpSBNZqS.jpg,https://index.gatcg.com/cards/meiren-of-verdancy-rdopd
bJr6bUI80B,Meltdown,meltdown,meltdown-rdopd,RDOPD,Radiant Origins Pantheon Decks,138,2,default,/cards/images/bJr6bUI80B.jpg,https://index.gatcg.com/cards/meltdown-rdopd
62ZB0IsHP8,Mendcall Mercy,mendcall-mercy,mendcall-mercy-rdopd,RDOPD,Radiant Origins Pantheon Decks,084,2,default,/cards/images/62ZB0IsHP8.jpg,https://index.gatcg.com/cards/mendcall-mercy-rdopd
TI6bClviZ4,Meteor Strike,meteor-strike,meteor-strike-rdopd,RDOPD,Radiant Origins Pantheon Decks,191,4,default,/cards/images/TI6bClviZ4.jpg,https://index.gatcg.com/cards/meteor-strike-rdopd
iga6zppJ7y,Minister of Ceremony,minister-of-ceremony,minister-of-ceremony-rdopd,RDOPD,Radiant Origins Pantheon Decks,085,2,default,/cards/images/iga6zppJ7y.jpg,https://index.gatcg.com/cards/minister-of-ceremony-rdopd
X8pt2E6k46,Mnemonic Charm,mnemonic-charm,mnemonic-charm-rdopd-a,RDOPD,Radiant Origins Pantheon Decks,086A,1,default,/cards/images/X8pt2E6k46.jpg,https://index.gatcg.com/cards/mnemonic-charm-rdopd-a
lLpMpuO8kE,Nascent Barrier,nascent-barrier,nascent-barrier-rdopd,RDOPD,Radiant Origins Pantheon Decks,087,2,default,/cards/images/lLpMpuO8kE.jpg,https://index.gatcg.com/cards/nascent-barrier-rdopd
EENbN0H0G7,Nascent Blast,nascent-blast,nascent-blast-rdopd-a,RDOPD,Radiant Origins Pantheon Decks,088A,1,default,/cards/images/EENbN0H0G7.jpg,https://index.gatcg.com/cards/nascent-blast-rdopd-a
0rVAPxlKdD,Nimble Court Assassin,nimble-court-assassin,nimble-court-assassin-rdopd,RDOPD,Radiant Origins Pantheon Decks,089,3,default,/cards/images/0rVAPxlKdD.jpg,https://index.gatcg.com/cards/nimble-court-assassin-rdopd
TAIotWNF43,Numinous Monk,numinous-monk,numinous-monk-rdopd,RDOPD,Radiant Origins Pantheon Decks,204,3,default,/cards/images/TAIotWNF43.jpg,https://index.gatcg.com/cards/numinous-monk-rdopd
9N5IsRVOja,Optical Control,optical-control,optical-control-rdopd,RDOPD,Radiant Origins Pantheon Decks,225,3,default,/cards/images/9N5IsRVOja.jpg,https://index.gatcg.com/cards/optical-control-rdopd
3dt0t3cziC,Orb of Choking Fumes,orb-of-choking-fumes,orb-of-choking-fumes-rdopd,RDOPD,Radiant Origins Pantheon Decks,024,3,default,/cards/images/3dt0t3cziC.jpg,https://index.gatcg.com/cards/orb-of-choking-fumes-rdopd
SQOykbRTWN,Pantheon Barrier,pantheon-barrier,pantheon-barrier-rdopd,RDOPD,Radiant Origins Pantheon Decks,090,1,default,/cards/images/SQOykbRTWN.jpg,https://index.gatcg.com/cards/pantheon-barrier-rdopd
MI4QmuMCa6,Pendant of Accrual,pendant-of-accrual,pendant-of-accrual-rdopd,RDOPD,Radiant Origins Pantheon Decks,091,4,default,/cards/images/MI4QmuMCa6.jpg,https://index.gatcg.com/cards/pendant-of-accrual-rdopd
8JSLSMSwtA,Petalfall Embrace,petalfall-embrace,petalfall-embrace-rdopd,RDOPD,Radiant Origins Pantheon Decks,233,2,default,/cards/images/8JSLSMSwtA.jpg,https://index.gatcg.com/cards/petalfall-embrace-rdopd
WZy4QHmYoD,Phalanx Captain,phalanx-captain,phalanx-captain-rdopd,RDOPD,Radiant Origins Pantheon Decks,171,2,default,/cards/images/WZy4QHmYoD.jpg,https://index.gatcg.com/cards/phalanx-captain-rdopd
KwP36GYfWk,Photic Blade,photic-blade,photic-blade-rdopd,RDOPD,Radiant Origins Pantheon Decks,036,4,default,/cards/images/KwP36GYfWk.jpg,https://index.gatcg.com/cards/photic-blade-rdopd
9oQFoX3CWx,Piquant Shieldbearer,piquant-shieldbearer,piquant-shieldbearer-rdopd,RDOPD,Radiant Origins Pantheon Decks,092,1,default,/cards/images/9oQFoX3CWx.jpg,https://index.gatcg.com/cards/piquant-shieldbearer-rdopd
sFWQGkkub9,Planar Abyss,planar-abyss,planar-abyss-rdopd,RDOPD,Radiant Origins Pantheon Decks,234,4,default,/cards/images/sFWQGkkub9.jpg,https://index.gatcg.com/cards/planar-abyss-rdopd
lNkAIIpNhc,Planted Explosive,planted-explosive,planted-explosive-rdopd,RDOPD,Radiant Origins Pantheon Decks,139,1,default,/cards/images/lNkAIIpNhc.jpg,https://index.gatcg.com/cards/planted-explosive-rdopd
BA3xVio7WK,"Polaris, Twinkling Cauldron",polaris-twinkling-cauldron,polaris-twinkling-cauldron-rdopd,RDOPD,Radiant Origins Pantheon Decks,025,3,default,/cards/images/BA3xVio7WK.jpg,https://index.gatcg.com/cards/polaris-twinkling-cauldron-rdopd
gVkvP0yFaT,Potion Infusion: Animate,potion-infusion-animate,potion-infusion-animate-rdopd,RDOPD,Radiant Origins Pantheon Decks,093,3,default,/cards/images/gVkvP0yFaT.jpg,https://index.gatcg.com/cards/potion-infusion-animate-rdopd
PYHY9yOCMA,Potion Infusion: Clarity,potion-infusion-clarity,potion-infusion-clarity-rdopd,RDOPD,Radiant Origins Pantheon Decks,159,3,default,/cards/images/PYHY9yOCMA.jpg,https://index.gatcg.com/cards/potion-infusion-clarity-rdopd
DOm1foREbO,Potion Infusion: Frostbite,potion-infusion-frostbite,potion-infusion-frostbite-rdopd,RDOPD,Radiant Origins Pantheon Decks,160,2,default,/cards/images/DOm1foREbO.jpg,https://index.gatcg.com/cards/potion-infusion-frostbite-rdopd
Ackf3JOJ6c,Potion Infusion: Seal,potion-infusion-seal,potion-infusion-seal-rdopd,RDOPD,Radiant Origins Pantheon Decks,161,2,default,/cards/images/Ackf3JOJ6c.jpg,https://index.gatcg.com/cards/potion-infusion-seal-rdopd
NpjO53hFpw,Potion Infusion: Volatility,potion-infusion-volatility,potion-infusion-volatility-rdopd,RDOPD,Radiant Origins Pantheon Decks,094,3,default,/cards/images/NpjO53hFpw.jpg,https://index.gatcg.com/cards/potion-infusion-volatility-rdopd
oclKkwJwnI,Potion of Healing,potion-of-healing,potion-of-healing-rdopd,RDOPD,Radiant Origins Pantheon Decks,095,1,default,/cards/images/oclKkwJwnI.jpg,https://index.gatcg.com/cards/potion-of-healing-rdopd
FccaGGGCe6,Prismatic Edge,prismatic-edge,prismatic-edge-rdopd,RDOPD,Radiant Origins Pantheon Decks,033,4,default,/cards/images/FccaGGGCe6.jpg,https://index.gatcg.com/cards/prismatic-edge-rdopd
vNxktYxP3m,Purge in Flames,purge-in-flames,purge-in-flames-rdopd,RDOPD,Radiant Origins Pantheon Decks,140,2,default,/cards/images/vNxktYxP3m.jpg,https://index.gatcg.com/cards/purge-in-flames-rdopd
Z728M9yQQB,Pyretic Prognosis,pyretic-prognosis,pyretic-prognosis-rdopd,RDOPD,Radiant Origins Pantheon Decks,141,3,default,/cards/images/Z728M9yQQB.jpg,https://index.gatcg.com/cards/pyretic-prognosis-rdopd
xeF60iK5Eo,Quietus Blade,quietus-blade,quietus-blade-rdopd,RDOPD,Radiant Origins Pantheon Decks,034,4,default,/cards/images/xeF60iK5Eo.jpg,https://index.gatcg.com/cards/quietus-blade-rdopd
cs86diuk8y,Rally the Peasants,rally-the-peasants,rally-the-peasants-rdopd,RDOPD,Radiant Origins Pantheon Decks,172,2,default,/cards/images/cs86diuk8y.jpg,https://index.gatcg.com/cards/rally-the-peasants-rdopd
TfnZt2EvYZ,Razorvine,razorvine,razorvine-rdopd,RDOPD,Radiant Origins Pantheon Decks,096,1,default,/cards/images/TfnZt2EvYZ.jpg,https://index.gatcg.com/cards/razorvine-rdopd
DjmNj2Fhcr,Reaping Legacy,reaping-legacy,reaping-legacy-rdopd,RDOPD,Radiant Origins Pantheon Decks,205,2,default,/cards/images/DjmNj2Fhcr.jpg,https://index.gatcg.com/cards/reaping-legacy-rdopd
4T75haVeKv,Reclaim,reclaim,reclaim-rdopd,RDOPD,Radiant Origins Pantheon Decks,173,1,default,/cards/images/4T75haVeKv.jpg,https://index.gatcg.com/cards/reclaim-rdopd
yu2TGESYlT,Redirect Orbit,redirect-orbit,redirect-orbit-rdopd,RDOPD,Radiant Origins Pantheon Decks,192,3,default,/cards/images/yu2TGESYlT.jpg,https://index.gatcg.com/cards/redirect-orbit-rdopd
f8u89vQofc,Refracted Twilight,refracted-twilight,refracted-twilight-rdopd,RDOPD,Radiant Origins Pantheon Decks,193,2,default,/cards/images/f8u89vQofc.jpg,https://index.gatcg.com/cards/refracted-twilight-rdopd
zWaeLnHWLE,Rending Flames,rending-flames,rending-flames-rdopd,RDOPD,Radiant Origins Pantheon Decks,142,2,default,/cards/images/zWaeLnHWLE.jpg,https://index.gatcg.com/cards/rending-flames-rdopd
sq2VWeBQ77,Retold Fortune,retold-fortune,retold-fortune-rdopd,RDOPD,Radiant Origins Pantheon Decks,097,1,default,/cards/images/sq2VWeBQ77.jpg,https://index.gatcg.com/cards/retold-fortune-rdopd
j6YTENKfeo,Ritai Berserker,ritai-berserker,ritai-berserker-rdopd,RDOPD,Radiant Origins Pantheon Decks,143,1,default,/cards/images/j6YTENKfeo.jpg,https://index.gatcg.com/cards/ritai-berserker-rdopd
R1BbAlTo2h,Roots of Tomorrow,roots-of-tomorrow,roots-of-tomorrow-rdopd,RDOPD,Radiant Origins Pantheon Decks,235,2,default,/cards/images/R1BbAlTo2h.jpg,https://index.gatcg.com/cards/roots-of-tomorrow-rdopd
TLl57fGZLS,Ruinous Pillars of Qidao,ruinous-pillars-of-qidao,ruinous-pillars-of-qidao-rdopd,RDOPD,Radiant Origins Pantheon Decks,236,3,default,/cards/images/TLl57fGZLS.jpg,https://index.gatcg.com/cards/ruinous-pillars-of-qidao-rdopd
1P9lgOKtdb,"Sabela, Gossamer Penance",sabela-gossamer-penance,sabela-gossamer-penance-rdopd,RDOPD,Radiant Origins Pantheon Decks,206,4,default,/cards/images/1P9lgOKtdb.jpg,https://index.gatcg.com/cards/sabela-gossamer-penance-rdopd
7qZ8K1zRFq,Sable Remnant,sable-remnant,sable-remnant-rdopd,RDOPD,Radiant Origins Pantheon Decks,098,2,default,/cards/images/7qZ8K1zRFq.jpg,https://index.gatcg.com/cards/sable-remnant-rdopd
A782Hq3Qxs,Sacred Barrier,sacred-barrier,sacred-barrier-rdopd,RDOPD,Radiant Origins Pantheon Decks,099,2,default,/cards/images/A782Hq3Qxs.jpg,https://index.gatcg.com/cards/sacred-barrier-rdopd
ikXg6xeVIV,Safeguard Amulet,safeguard-amulet,safeguard-amulet-rdopd,RDOPD,Radiant Origins Pantheon Decks,026,1,default,/cards/images/ikXg6xeVIV.jpg,https://index.gatcg.com/cards/safeguard-amulet-rdopd
rSRBkTXFL9,Samaritan's Reach,samaritans-reach,samaritans-reach-rdopd,RDOPD,Radiant Origins Pantheon Decks,100,2,default,/cards/images/rSRBkTXFL9.jpg,https://index.gatcg.com/cards/samaritans-reach-rdopd
iOVpPDZOsG,Sanctified Paladin,sanctified-paladin,sanctified-paladin-rdopd,RDOPD,Radiant Origins Pantheon Decks,101,4,default,/cards/images/iOVpPDZOsG.jpg,https://index.gatcg.com/cards/sanctified-paladin-rdopd
8HWftmrWEX,Savage Attack,savage-attack,savage-attack-rdopd,RDOPD,Radiant Origins Pantheon Decks,102,1,default,/cards/images/8HWftmrWEX.jpg,https://index.gatcg.com/cards/savage-attack-rdopd
nowylAHYL8,Savage Slash,savage-slash,savage-slash-rdopd,RDOPD,Radiant Origins Pantheon Decks,103,1,default,/cards/images/nowylAHYL8.jpg,https://index.gatcg.com/cards/savage-slash-rdopd
yDmAQqtKlk,Scatter Essence,scatter-essence,scatter-essence-rdopd,RDOPD,Radiant Origins Pantheon Decks,174,2,default,/cards/images/yDmAQqtKlk.jpg,https://index.gatcg.com/cards/scatter-essence-rdopd
FfafT91oSy,Scorching Imperilment,scorching-imperilment,scorching-imperilment-rdopd,RDOPD,Radiant Origins Pantheon Decks,144,2,default,/cards/images/FfafT91oSy.jpg,https://index.gatcg.com/cards/scorching-imperilment-rdopd
tDZNu3SfzI,Scry the Skies,scry-the-skies,scry-the-skies-rdopd,RDOPD,Radiant Origins Pantheon Decks,104,1,default,/cards/images/tDZNu3SfzI.jpg,https://index.gatcg.com/cards/scry-the-skies-rdopd
XbA6bkoHV1,Serum of Wisdom,serum-of-wisdom,serum-of-wisdom-rdopd,RDOPD,Radiant Origins Pantheon Decks,105,1,default,/cards/images/XbA6bkoHV1.jpg,https://index.gatcg.com/cards/serum-of-wisdom-rdopd
jwZAnO7RlW,Set Ablaze,set-ablaze,set-ablaze-rdopd,RDOPD,Radiant Origins Pantheon Decks,145,3,default,/cards/images/jwZAnO7RlW.jpg,https://index.gatcg.com/cards/set-ablaze-rdopd
0izYw1ROyx,Shade Striker,shade-striker,shade-striker-rdopd,RDOPD,Radiant Origins Pantheon Decks,106,1,default,/cards/images/0izYw1ROyx.jpg,https://index.gatcg.com/cards/shade-striker-rdopd
78R95Y4dHK,Shared Fervor,shared-fervor,shared-fervor-rdopd,RDOPD,Radiant Origins Pantheon Decks,107,2,default,/cards/images/78R95Y4dHK.jpg,https://index.gatcg.com/cards/shared-fervor-rdopd
V8NJsl0VeN,Shifting Currents,shifting-currents,shifting-currents-rdopd,RDOPD,Radiant Origins Pantheon Decks,108,1,default,/cards/images/V8NJsl0VeN.jpg,https://index.gatcg.com/cards/shifting-currents-rdopd
CJbRPn69cQ,Shizun of the Ash,shizun-of-the-ash,shizun-of-the-ash-rdopd,RDOPD,Radiant Origins Pantheon Decks,146,3,default,/cards/images/CJbRPn69cQ.jpg,https://index.gatcg.com/cards/shizun-of-the-ash-rdopd
0KyCRJu5Bn,Shred to Ribbons,shred-to-ribbons,shred-to-ribbons-rdopd,RDOPD,Radiant Origins Pantheon Decks,175,1,default,/cards/images/0KyCRJu5Bn.jpg,https://index.gatcg.com/cards/shred-to-ribbons-rdopd
c2xvhvDnZD,Silver Soldier,silver-soldier,silver-soldier-rdopd,RDOPD,Radiant Origins Pantheon Decks,109,2,default,/cards/images/c2xvhvDnZD.jpg,https://index.gatcg.com/cards/silver-soldier-rdopd
HsDAkrrcFb,Silvershine,silvershine,silvershine-rdopd,RDOPD,Radiant Origins Pantheon Decks,110,1,default,/cards/images/HsDAkrrcFb.jpg,https://index.gatcg.com/cards/silvershine-rdopd
eDeVHxA7FW,Slay the King,slay-the-king,slay-the-king-rdopd,RDOPD,Radiant Origins Pantheon Decks,207,3,default,/cards/images/eDeVHxA7FW.jpg,https://index.gatcg.com/cards/slay-the-king-rdopd
T1PQpRpHu8,Slice and Dice,slice-and-dice,slice-and-dice-rdopd,RDOPD,Radiant Origins Pantheon Decks,111,2,default,/cards/images/T1PQpRpHu8.jpg,https://index.gatcg.com/cards/slice-and-dice-rdopd
SWPnVD3ZXL,Solar Pinnacle,solar-pinnacle,solar-pinnacle-rdopd,RDOPD,Radiant Origins Pantheon Decks,147,3,default,/cards/images/SWPnVD3ZXL.jpg,https://index.gatcg.com/cards/solar-pinnacle-rdopd
yFLja0YyiJ,Solar Providence,solar-providence,solar-providence-rdopd,RDOPD,Radiant Origins Pantheon Decks,148,3,default,/cards/images/yFLja0YyiJ.jpg,https://index.gatcg.com/cards/solar-providence-rdopd
ecM9taJaLD,Spellshield: Astra,spellshield-astra,spellshield-astra-rdopd,RDOPD,Radiant Origins Pantheon Decks,194,3,default,/cards/images/ecM9taJaLD.jpg,https://index.gatcg.com/cards/spellshield-astra-rdopd
y9v0BpaOt6,Spirit Blade: Ascension,spirit-blade-ascension,spirit-blade-ascension-rdopd,RDOPD,Radiant Origins Pantheon Decks,208,3,default,/cards/images/y9v0BpaOt6.jpg,https://index.gatcg.com/cards/spirit-blade-ascension-rdopd
iMF3xqZlEJ,Spirit Blade: Ghost Strike,spirit-blade-ghost-strike,spirit-blade-ghost-strike-rdopd,RDOPD,Radiant Origins Pantheon Decks,209,2,default,/cards/images/iMF3xqZlEJ.jpg,https://index.gatcg.com/cards/spirit-blade-ghost-strike-rdopd
bpTIWqWWmZ,Spirit Blade: Infusion,spirit-blade-infusion,spirit-blade-infusion-rdopd,RDOPD,Radiant Origins Pantheon Decks,210,2,default,/cards/images/bpTIWqWWmZ.jpg,https://index.gatcg.com/cards/spirit-blade-infusion-rdopd
GITHqQ1Ikv,Spirit of Fire,spirit-of-fire,spirit-of-fire-rdopd-b,RDOPD,Radiant Origins Pantheon Decks,001B,1,default,/cards/images/GITHqQ1Ikv.jpg,https://index.gatcg.com/cards/spirit-of-fire-rdopd-b
YxpayTbeKx,Spirit of Fire,spirit-of-fire,spirit-of-fire-rdopd-a,RDOPD,Radiant Origins Pantheon Decks,001A,1,default,/cards/images/YxpayTbeKx.jpg,https://index.gatcg.com/cards/spirit-of-fire-rdopd-a
mDeL3vYL0V,Spirit of Water,spirit-of-water,spirit-of-water-rdopd,RDOPD,Radiant Origins Pantheon Decks,002,1,default,/cards/images/mDeL3vYL0V.jpg,https://index.gatcg.com/cards/spirit-of-water-rdopd
MPf2EzxjUT,Spirit of Wind,spirit-of-wind,spirit-of-wind-rdopd,RDOPD,Radiant Origins Pantheon Decks,003,1,default,/cards/images/MPf2EzxjUT.jpg,https://index.gatcg.com/cards/spirit-of-wind-rdopd
8DG1UzN2se,Spirit's Blessing,spirits-blessing,spirits-blessing-rdopd,RDOPD,Radiant Origins Pantheon Decks,211,3,default,/cards/images/8DG1UzN2se.jpg,https://index.gatcg.com/cards/spirits-blessing-rdopd
VwSgmZVWQU,Spirited Neophyte,spirited-neophyte,spirited-neophyte-rdopd,RDOPD,Radiant Origins Pantheon Decks,112,2,default,/cards/images/VwSgmZVWQU.jpg,https://index.gatcg.com/cards/spirited-neophyte-rdopd
jVMKljli2w,Springleaf,springleaf,springleaf-rdopd,RDOPD,Radiant Origins Pantheon Decks,113,1,default,/cards/images/jVMKljli2w.jpg,https://index.gatcg.com/cards/springleaf-rdopd
5KA7F78312,Spurn to Ash,spurn-to-ash,spurn-to-ash-rdopd-a,RDOPD,Radiant Origins Pantheon Decks,149,2,default,/cards/images/5KA7F78312.jpg,https://index.gatcg.com/cards/spurn-to-ash-rdopd-a
8cNgVUF8DA,Stalwart Shieldmate,stalwart-shieldmate,stalwart-shieldmate-rdopd-a,RDOPD,Radiant Origins Pantheon Decks,114A,1,default,/cards/images/8cNgVUF8DA.jpg,https://index.gatcg.com/cards/stalwart-shieldmate-rdopd-a
C9wQA8br4y,Starlit Apothecary,starlit-apothecary,starlit-apothecary-rdopd,RDOPD,Radiant Origins Pantheon Decks,195,4,default,/cards/images/C9wQA8br4y.jpg,https://index.gatcg.com/cards/starlit-apothecary-rdopd
ZBBhpyNlEc,Stellar Bloom,stellar-bloom,stellar-bloom-rdopd,RDOPD,Radiant Origins Pantheon Decks,196,2,default,/cards/images/ZBBhpyNlEc.jpg,https://index.gatcg.com/cards/stellar-bloom-rdopd
TJI3i8aZ4X,Stocked Outpost,stocked-outpost,stocked-outpost-rdopd,RDOPD,Radiant Origins Pantheon Decks,115,1,default,/cards/images/TJI3i8aZ4X.jpg,https://index.gatcg.com/cards/stocked-outpost-rdopd
8kyvffVGwF,Strike of Singularity,strike-of-singularity,strike-of-singularity-rdopd,RDOPD,Radiant Origins Pantheon Decks,226,4,default,/cards/images/8kyvffVGwF.jpg,https://index.gatcg.com/cards/strike-of-singularity-rdopd
LE6yquBzOB,Sudden Steel,sudden-steel,sudden-steel-rdopd,RDOPD,Radiant Origins Pantheon Decks,116,1,default,/cards/images/LE6yquBzOB.jpg,https://index.gatcg.com/cards/sudden-steel-rdopd
rIv0I74qXF,Swerving Spring,swerving-spring,swerving-spring-rdopd,RDOPD,Radiant Origins Pantheon Decks,117,1,default,/cards/images/rIv0I74qXF.jpg,https://index.gatcg.com/cards/swerving-spring-rdopd
XVL4FHF1g3,Swift Recruit,swift-recruit,swift-recruit-rdopd,RDOPD,Radiant Origins Pantheon Decks,176,1,default,/cards/images/XVL4FHF1g3.jpg,https://index.gatcg.com/cards/swift-recruit-rdopd
aDGMopaOn1,Sword of Seeking,sword-of-seeking,sword-of-seeking-rdopd,RDOPD,Radiant Origins Pantheon Decks,027,2,default,/cards/images/aDGMopaOn1.jpg,https://index.gatcg.com/cards/sword-of-seeking-rdopd
U6g2E4xsCQ,Tactful Sergeant,tactful-sergeant,tactful-sergeant-rdopd,RDOPD,Radiant Origins Pantheon Decks,177,2,default,/cards/images/U6g2E4xsCQ.jpg,https://index.gatcg.com/cards/tactful-sergeant-rdopd
i9PK8kKMl0,Tariff Ring,tariff-ring,tariff-ring-rdopd,RDOPD,Radiant Origins Pantheon Decks,028,1,default,/cards/images/i9PK8kKMl0.jpg,https://index.gatcg.com/cards/tariff-ring-rdopd
dyPMacxt7D,Templar of the Eternal,templar-of-the-eternal,templar-of-the-eternal-rdopd,RDOPD,Radiant Origins Pantheon Decks,212,4,default,/cards/images/dyPMacxt7D.jpg,https://index.gatcg.com/cards/templar-of-the-eternal-rdopd
kR14P1ALI6,Tenderheart Guard,tenderheart-guard,tenderheart-guard-rdopd,RDOPD,Radiant Origins Pantheon Decks,150,2,default,/cards/images/kR14P1ALI6.jpg,https://index.gatcg.com/cards/tenderheart-guard-rdopd
Sa3RRlTAUK,Tera Sight,tera-sight,tera-sight-rdopd,RDOPD,Radiant Origins Pantheon Decks,237,2,default,/cards/images/Sa3RRlTAUK.jpg,https://index.gatcg.com/cards/tera-sight-rdopd
SQtIZuo3xu,Thieving Cut,thieving-cut,thieving-cut-rdopd,RDOPD,Radiant Origins Pantheon Decks,118,1,default,/cards/images/SQtIZuo3xu.jpg,https://index.gatcg.com/cards/thieving-cut-rdopd
ZPVldtJNVF,Tome of Sorcery,tome-of-sorcery,tome-of-sorcery-rdopd,RDOPD,Radiant Origins Pantheon Decks,029,1,default,/cards/images/ZPVldtJNVF.jpg,https://index.gatcg.com/cards/tome-of-sorcery-rdopd
YHH14KAeut,Tonic of Remembrance,tonic-of-remembrance,tonic-of-remembrance-rdopd,RDOPD,Radiant Origins Pantheon Decks,119,2,default,/cards/images/YHH14KAeut.jpg,https://index.gatcg.com/cards/tonic-of-remembrance-rdopd
omAfsJMjBv,Trine Recursion,trine-recursion,trine-recursion-rdopd,RDOPD,Radiant Origins Pantheon Decks,197,3,default,/cards/images/omAfsJMjBv.jpg,https://index.gatcg.com/cards/trine-recursion-rdopd
7Dm07FVd4b,Twinstar Tonic,twinstar-tonic,twinstar-tonic-rdopd,RDOPD,Radiant Origins Pantheon Decks,198,4,default,/cards/images/7Dm07FVd4b.jpg,https://index.gatcg.com/cards/twinstar-tonic-rdopd
3T8jDqFJCM,Uncover the Plot,uncover-the-plot,uncover-the-plot-rdopd,RDOPD,Radiant Origins Pantheon Decks,227,3,default,/cards/images/3T8jDqFJCM.jpg,https://index.gatcg.com/cards/uncover-the-plot-rdopd
wxPhJYKjgI,Unity's Gale,unitys-gale,unitys-gale-rdopd,RDOPD,Radiant Origins Pantheon Decks,178,2,default,/cards/images/wxPhJYKjgI.jpg,https://index.gatcg.com/cards/unitys-gale-rdopd
fR0PJyCLrH,Veiling Breeze,veiling-breeze,veiling-breeze-rdopd,RDOPD,Radiant Origins Pantheon Decks,179,1,default,/cards/images/fR0PJyCLrH.jpg,https://index.gatcg.com/cards/veiling-breeze-rdopd
bmb5QqjQwD,Venerable Sage,venerable-sage,venerable-sage-rdopd,RDOPD,Radiant Origins Pantheon Decks,120,2,default,/cards/images/bmb5QqjQwD.jpg,https://index.gatcg.com/cards/venerable-sage-rdopd
4EMqtzlLmI,Verdure of Preservation,verdure-of-preservation,verdure-of-preservation-rdopd,RDOPD,Radiant Origins Pantheon Decks,238,4,default,/cards/images/4EMqtzlLmI.jpg,https://index.gatcg.com/cards/verdure-of-preservation-rdopd
P2oOFlsNhV,Vernal Talisman,vernal-talisman,vernal-talisman-rdopd,RDOPD,Radiant Origins Pantheon Decks,038,4,default,/cards/images/P2oOFlsNhV.jpg,https://index.gatcg.com/cards/vernal-talisman-rdopd
DEZFrkIt6e,Veteran Soldier,veteran-soldier,veteran-soldier-rdopd-a,RDOPD,Radiant Origins Pantheon Decks,121A,1,default,/cards/images/DEZFrkIt6e.jpg,https://index.gatcg.com/cards/veteran-soldier-rdopd-a
QePqznija7,Wandering Glaivier,wandering-glaivier,wandering-glaivier-rdopd-a,RDOPD,Radiant Origins Pantheon Decks,151A,1,default,/cards/images/QePqznija7.jpg,https://index.gatcg.com/cards/wandering-glaivier-rdopd-a
QNdTWzEjzq,Waterveil Apostle,waterveil-apostle,waterveil-apostle-rdopd,RDOPD,Radiant Origins Pantheon Decks,162,1,default,/cards/images/QNdTWzEjzq.jpg,https://index.gatcg.com/cards/waterveil-apostle-rdopd
ndz6zsK5AE,Weaken Resistance,weaken-resistance,weaken-resistance-rdopd,RDOPD,Radiant Origins Pantheon Decks,122,2,default,/cards/images/ndz6zsK5AE.jpg,https://index.gatcg.com/cards/weaken-resistance-rdopd
GMSxyNcIzf,Weaponsmith,weaponsmith,weaponsmith-rdopd,RDOPD,Radiant Origins Pantheon Decks,123,1,default,/cards/images/GMSxyNcIzf.jpg,https://index.gatcg.com/cards/weaponsmith-rdopd
UcpRjvrlmR,Wind Cutter,wind-cutter,wind-cutter-rdopd,RDOPD,Radiant Origins Pantheon Decks,180,1,default,/cards/images/UcpRjvrlmR.jpg,https://index.gatcg.com/cards/wind-cutter-rdopd
GLBvKQocUd,Windrider Vanguard,windrider-vanguard,windrider-vanguard-rdopd,RDOPD,Radiant Origins Pantheon Decks,181,1,default,/cards/images/GLBvKQocUd.jpg,https://index.gatcg.com/cards/windrider-vanguard-rdopd
0cn0m84Lew,Wisdom's Reprise,wisdoms-reprise,wisdoms-reprise-rdopd,RDOPD,Radiant Origins Pantheon Decks,124,1,default,/cards/images/0cn0m84Lew.jpg,https://index.gatcg.com/cards/wisdoms-reprise-rdopd
CbHteS57ZG,Wisp's Protection,wisps-protection,wisps-protection-rdopd,RDOPD,Radiant Origins Pantheon Decks,213,3,default,/cards/images/CbHteS57ZG.jpg,https://index.gatcg.com/cards/wisps-protection-rdopd
vF8zOq7U5b,Worn Diary,worn-diary,worn-diary-rdopd,RDOPD,Radiant Origins Pantheon Decks,030,3,default,/cards/images/vF8zOq7U5b.jpg,https://index.gatcg.com/cards/worn-diary-rdopd
EyN8zIszji,"Zander, Deft Executor",zander-deft-executor,zander-deft-executor-rdopd,RDOPD,Radiant Origins Pantheon Decks,014,1,default,/cards/images/EyN8zIszji.jpg,https://index.gatcg.com/cards/zander-deft-executor-rdopd
ZS1PHdk2hA,"Zander, Prepared Scout",zander-prepared-scout,zander-prepared-scout-rdopd,RDOPD,Radiant Origins Pantheon Decks,013,1,default,/cards/images/ZS1PHdk2hA.jpg,https://index.gatcg.com/cards/zander-prepared-scout-rdopd
U5AssLr4vi,Zephyr,zephyr,zephyr-rdopd,RDOPD,Radiant Origins Pantheon Decks,182,2,default,/cards/images/U5AssLr4vi.jpg,https://index.gatcg.com/cards/zephyr-rdopd
vnCE2siMyw,Dauntless Assault,dauntless-assault,dauntless-assault-rec-aur,ReC-AUR,Re:Collection Aurelian Regent,013,2,default,/cards/images/vnCE2siMyw.jpg,https://index.gatcg.com/cards/dauntless-assault-rec-aur
D6cPJ0uRu8,Deflecting Edge,deflecting-edge,deflecting-edge-rec-aur,ReC-AUR,Re:Collection Aurelian Regent,014,1,default,/cards/images/D6cPJ0uRu8.jpg,https://index.gatcg.com/cards/deflecting-edge-rec-aur
Tx0ZLjqogB,Drawn Blade,drawn-blade,drawn-blade-rec-aur,ReC-AUR,Re:Collection Aurelian Regent,006,3,default,/cards/images/Tx0ZLjqogB.jpg,https://index.gatcg.com/cards/drawn-blade-rec-aur
ZTdw0a2ZOs,Dredging Streams,dredging-streams,dredging-streams-rec-aur,ReC-AUR,Re:Collection Aurelian Regent,025,1,default,/cards/images/ZTdw0a2ZOs.jpg,https://index.gatcg.com/cards/dredging-streams-rec-aur
LoNnLeiNKF,Drenching Finish,drenching-finish,drenching-finish-rec-aur,ReC-AUR,Re:Collection Aurelian Regent,026,1,default,/cards/images/LoNnLeiNKF.jpg,https://index.gatcg.com/cards/drenching-finish-rec-aur
zODXR3OhAw,Dummy Trainer,dummy-trainer,dummy-trainer-rec-aur,ReC-AUR,Re:Collection Aurelian Regent,007,3,default,/cards/images/zODXR3OhAw.jpg,https://index.gatcg.com/cards/dummy-trainer-rec-aur
k4PiCnHdym,Dungeon Guide,dungeon-guide,dungeon-guide-rec-aur,ReC-AUR,Re:Collection Aurelian Regent,015,3,default,/cards/images/k4PiCnHdym.jpg,https://index.gatcg.com/cards/dungeon-guide-rec-aur
oPWDsoSuNg,Flawless Spirit of Mordred,flawless-spirit-of-mordred,flawless-spirit-of-mordred-rec-aur,ReC-AUR,Re:Collection Aurelian Regent,001,4,default,/cards/images/oPWDsoSuNg.jpg,https://index.gatcg.com/cards/flawless-spirit-of-mordred-rec-aur
aes08VrR0A,Freezing Hail,freezing-hail,freezing-hail-rec-aur,ReC-AUR,Re:Collection Aurelian Regent,027,1,default,/cards/images/aes08VrR0A.jpg,https://index.gatcg.com/cards/freezing-hail-rec-aur
JYfMe6Bggy,Frostbind,frostbind,frostbind-rec-aur,ReC-AUR,Re:Collection Aurelian Regent,028,2,default,/cards/images/JYfMe6Bggy.jpg,https://index.gatcg.com/cards/frostbind-rec-aur
wQbKSpFNnv,Frostsworn Paladin,frostsworn-paladin,frostsworn-paladin-rec-aur,ReC-AUR,Re:Collection Aurelian Regent,029,2,default,/cards/images/wQbKSpFNnv.jpg,https://index.gatcg.com/cards/frostsworn-paladin-rec-aur
TkB6qLrLNJ,"Gildas, Faesworn Monarch",gildas-faesworn-monarch,gildas-faesworn-monarch-rec-aur,ReC-AUR,Re:Collection Aurelian Regent,016,5,default,/cards/images/TkB6qLrLNJ.jpg,https://index.gatcg.com/cards/gildas-faesworn-monarch-rec-aur
MzPLaFHpBZ,"Gildas, Faesworn Monarch",gildas-faesworn-monarch,gildas-faesworn-monarch-rec-aur-csr,ReC-AUR,Re:Collection Aurelian Regent,016,7,default,/cards/images/MzPLaFHpBZ.jpg,https://index.gatcg.com/cards/gildas-faesworn-monarch-rec-aur-csr
YGfwIszv1q,Inspiring Call,inspiring-call,inspiring-call-rec-aur,ReC-AUR,Re:Collection Aurelian Regent,017,1,default,/cards/images/YGfwIszv1q.jpg,https://index.gatcg.com/cards/inspiring-call-rec-aur
rzFHPsYNN3,Invigorated Slash,invigorated-slash,invigorated-slash-rec-aur,ReC-AUR,Re:Collection Aurelian Regent,018,1,default,/cards/images/rzFHPsYNN3.jpg,https://index.gatcg.com/cards/invigorated-slash-rec-aur
FmgOzENYTi,Lakereaving Chill,lakereaving-chill,lakereaving-chill-rec-aur,ReC-AUR,Re:Collection Aurelian Regent,030,3,default,/cards/images/FmgOzENYTi.jpg,https://index.gatcg.com/cards/lakereaving-chill-rec-aur
DxhccXoWow,Luminescent Slash,luminescent-slash,luminescent-slash-rec-aur,ReC-AUR,Re:Collection Aurelian Regent,034,4,default,/cards/images/DxhccXoWow.jpg,https://index.gatcg.com/cards/luminescent-slash-rec-aur
yJM498HDVw,Mirrordepth's Blade,mirrordepths-blade,mirrordepths-blade-rec-aur,ReC-AUR,Re:Collection Aurelian Regent,012,3,default,/cards/images/yJM498HDVw.jpg,https://index.gatcg.com/cards/mirrordepths-blade-rec-aur
8xzu4Ooj7v,"Mordred, Aurelian Regent",mordred-aurelian-regent,mordred-aurelian-regent-rec-aur,ReC-AUR,Re:Collection Aurelian Regent,005,4,default,/cards/images/8xzu4Ooj7v.jpg,https://index.gatcg.com/cards/mordred-aurelian-regent-rec-aur
Io53Wwv49W,"Mordred, Burnished Avenger",mordred-burnished-avenger,mordred-burnished-avenger-rec-aur,ReC-AUR,Re:Collection Aurelian Regent,002,4,default,/cards/images/Io53Wwv49W.jpg,https://index.gatcg.com/cards/mordred-burnished-avenger-rec-aur
JDDkfl89HP,"Mordred, Fated Luminary",mordred-fated-luminary,mordred-fated-luminary-rec-aur,ReC-AUR,Re:Collection Aurelian Regent,004,4,default,/cards/images/JDDkfl89HP.jpg,https://index.gatcg.com/cards/mordred-fated-luminary-rec-aur
zyeYXcdkKT,"Mordred, Flawless Blade",mordred-flawless-blade,mordred-flawless-blade-rec-aur,ReC-AUR,Re:Collection Aurelian Regent,003,1,default,/cards/images/zyeYXcdkKT.jpg,https://index.gatcg.com/cards/mordred-flawless-blade-rec-aur
jrYrhULfgA,Regulus Blitz,regulus-blitz,regulus-blitz-rec-aur,ReC-AUR,Re:Collection Aurelian Regent,031,4,default,/cards/images/jrYrhULfgA.jpg,https://index.gatcg.com/cards/regulus-blitz-rec-aur
n6tmj9qRJB,"Rhongomiant, Grove's Spire",rhongomiant-groves-spire,rhongomiant-groves-spire-rec-aur,ReC-AUR,Re:Collection Aurelian Regent,008,4,default,/cards/images/n6tmj9qRJB.jpg,https://index.gatcg.com/cards/rhongomiant-groves-spire-rec-aur
ji2UUle681,Safeguard Amulet,safeguard-amulet,safeguard-amulet-rec-aur,ReC-AUR,Re:Collection Aurelian Regent,009,2,default,/cards/images/ji2UUle681.jpg,https://index.gatcg.com/cards/safeguard-amulet-rec-aur
u8A3KuAUZZ,Safeguard Paragon,safeguard-paragon,safeguard-paragon-rec-aur,ReC-AUR,Re:Collection Aurelian Regent,019,2,default,/cards/images/u8A3KuAUZZ.jpg,https://index.gatcg.com/cards/safeguard-paragon-rec-aur
HvlbmB7QEt,Savage Slash,savage-slash,savage-slash-rec-aur,ReC-AUR,Re:Collection Aurelian Regent,020,1,default,/cards/images/HvlbmB7QEt.jpg,https://index.gatcg.com/cards/savage-slash-rec-aur
giiwUROYFO,Snow Fairy,snow-fairy,snow-fairy-rec-aur,ReC-AUR,Re:Collection Aurelian Regent,032,3,default,/cards/images/giiwUROYFO.jpg,https://index.gatcg.com/cards/snow-fairy-rec-aur
Wcf6dWtEbf,Striking Tides,striking-tides,striking-tides-rec-aur,ReC-AUR,Re:Collection Aurelian Regent,033,2,default,/cards/images/Wcf6dWtEbf.jpg,https://index.gatcg.com/cards/striking-tides-rec-aur
thqT4x1TdO,Sudden Steel,sudden-steel,sudden-steel-rec-aur,ReC-AUR,Re:Collection Aurelian Regent,021,1,default,/cards/images/thqT4x1TdO.jpg,https://index.gatcg.com/cards/sudden-steel-rec-aur
QSOSmNSP2q,Sword of Seeking,sword-of-seeking,sword-of-seeking-rec-aur,ReC-AUR,Re:Collection Aurelian Regent,010,2,default,/cards/images/QSOSmNSP2q.jpg,https://index.gatcg.com/cards/sword-of-seeking-rec-aur
LxIiX61FZ3,Tariff Ring,tariff-ring,tariff-ring-rec-aur,ReC-AUR,Re:Collection Aurelian Regent,011,2,default,/cards/images/LxIiX61FZ3.jpg,https://index.gatcg.com/cards/tariff-ring-rec-aur
aXVe7JpFT6,Training Dummy,training-dummy,training-dummy-rec-aur,ReC-AUR,Re:Collection Aurelian Regent,022,1,default,/cards/images/aXVe7JpFT6.jpg,https://index.gatcg.com/cards/training-dummy-rec-aur
awty3vnQ3U,Trickster of the Fae Realm,trickster-of-the-fae-realm,trickster-of-the-fae-realm-rec-aur,ReC-AUR,Re:Collection Aurelian Regent,023,3,default,/cards/images/awty3vnQ3U.jpg,https://index.gatcg.com/cards/trickster-of-the-fae-realm-rec-aur
5H4Uljbifa,Warrior of the Fae Realm,warrior-of-the-fae-realm,warrior-of-the-fae-realm-rec-aur,ReC-AUR,Re:Collection Aurelian Regent,024,3,default,/cards/images/5H4Uljbifa.jpg,https://index.gatcg.com/cards/warrior-of-the-fae-realm-rec-aur
ux7ENs7iMe,Overlapping Visages,overlapping-visages,overlapping-visages-rec-brv-b,ReC-BRV,Re:Collection Brilliant Vestige,025B,1,default,/cards/images/ux7ENs7iMe.jpg,https://index.gatcg.com/cards/overlapping-visages-rec-brv-b
excvwNbZxG,Spirit Blade: Terminus,spirit-blade-terminus,spirit-blade-terminus-rec-brv-csr,ReC-BRV,Re:Collection Brilliant Vestige,038,7,default,/cards/images/excvwNbZxG.jpg,https://index.gatcg.com/cards/spirit-blade-terminus-rec-brv-csr
mcP32REygX,Baby Silver Slime,baby-silver-slime,baby-silver-slime-rec-slm,ReC-SLM,Re:Collection Slime Sovereign,034,2,default,/cards/images/mcP32REygX.jpg,https://index.gatcg.com/cards/baby-silver-slime-rec-slm
ugQqlhylcC,Calming Breeze,calming-breeze,calming-breeze-sp4-csr,SP4,Supporter Pack 4,004,7,default,/cards/images/ugQqlhylcC.jpg,https://index.gatcg.com/cards/calming-breeze-sp4-csr
PQKejuWp0p,"Lily, Marine Castellan",lily-marine-castellan,lily-marine-castellan-sp4-csr,SP4,Supporter Pack 4,016,7,default,/cards/images/PQKejuWp0p.jpg,https://index.gatcg.com/cards/lily-marine-castellan-sp4-csr
VhtUU5lsqE,Liminal Guide,liminal-guide,liminal-guide-sp4-csr,SP4,Supporter Pack 4,017,7,default,/cards/images/VhtUU5lsqE.jpg,https://index.gatcg.com/cards/liminal-guide-sp4-csr
DylonWXbBJ,Mad Tea Party,mad-tea-party,mad-tea-party-sp4-csr,SP4,Supporter Pack 4,018,7,default,/cards/images/DylonWXbBJ.jpg,https://index.gatcg.com/cards/mad-tea-party-sp4-csr
aqUCyOl7vK,"Pang Tong, Young Phoenix",pang-tong-young-phoenix,pang-tong-young-phoenix-sp4-csr,SP4,Supporter Pack 4,021,7,default,/cards/images/aqUCyOl7vK.jpg,https://index.gatcg.com/cards/pang-tong-young-phoenix-sp4-csr
PUoKEbxx4z,Tend the Land,tend-the-land,tend-the-land-sp4-csr,SP4,Supporter Pack 4,028,7,default,/cards/images/PUoKEbxx4z.jpg,https://index.gatcg.com/cards/tend-the-land-sp4-csr
